Date,PX_LAST
2000/1/3,993.01
2000/1/4,997.38
2000/1/5,992.11
2000/1/6,995.14
2000/1/7,998.03
2000/1/10,995.95
2000/1/11,990.75
2000/1/12,989.45
2000/1/13,994.04
2000/1/14,992.95
2000/1/18,990.48
2000/1/19,992.17
2000/1/20,990.93
2000/1/21,992.05
2000/1/24,997.38
2000/1/25,997.68
2000/1/26,998.8
2000/1/27,999.48
2000/1/28,1000.47
2000/1/31,995.43
2000/2/1,997.91
2000/2/2,997.25
2000/2/3,1003.1
2000/2/4,999.57
2000/2/7,995.22
2000/2/8,998.77
2000/2/9,995.71
2000/2/10,992.24
2000/2/11,994.01
2000/2/14,998.75
2000/2/15,997.72
2000/2/16,997.67
2000/2/17,997.64
2000/2/18,1001.71
2000/2/22,1009.07
2000/2/23,1004.24
2000/2/24,1007.63
2000/2/25,1007.41
2000/2/28,1002.82
2000/2/29,1004.66
2000/3/1,1005.03
2000/3/2,1005.22
2000/3/3,1007.11
2000/3/6,1005.78
2000/3/7,1007.3
2000/3/8,1006.97
2000/3/9,1008.01
2000/3/10,1005.43
2000/3/13,1006.52
2000/3/14,1004.17
2000/3/15,1003.91
2000/3/16,1005.76
2000/3/17,1008.31
2000/3/20,1009.28
2000/3/21,1010.44
2000/3/22,1011.33
2000/3/23,1012.11
2000/3/24,1007.6
2000/3/27,1008.21
2000/3/28,1008.69
2000/3/29,1009.05
2000/3/30,1013.8
2000/3/31,1013.22
2000/4/3,1015.33
2000/4/4,1021.25
2000/4/5,1018.68
2000/4/6,1018.28
2000/4/7,1022.1
2000/4/10,1023.53
2000/4/11,1017.81
2000/4/12,1013.34
2000/4/13,1014.75
2000/4/14,1016.55
2000/4/17,1011.07
2000/4/18,1010.63
2000/4/19,1014.43
2000/4/20,1015.26
2000/4/24,1015
2000/4/25,1009.42
2000/4/26,1008.41
2000/4/27,1003.67
2000/4/28,1004.32
2000/5/1,1003.24
2000/5/2,1001.05
2000/5/3,997.13
2000/5/4,991.73
2000/5/5,988.72
2000/5/8,986.06
2000/5/9,986.94
2000/5/10,987.24
2000/5/11,988.04
2000/5/12,983.91
2000/5/15,988.62
2000/5/16,990.92
2000/5/17,988.35
2000/5/18,984.73
2000/5/19,987.06
2000/5/22,991.01
2000/5/23,990.46
2000/5/24,989.94
2000/5/25,994.99
2000/5/26,998.17
2000/5/30,996.6
2000/5/31,1000.58
2000/6/1,1006.12
2000/6/2,1012.57
2000/6/5,1015.74
2000/6/6,1016.26
2000/6/7,1017.13
2000/6/8,1017.99
2000/6/9,1017.77
2000/6/12,1020.74
2000/6/13,1020.87
2000/6/14,1024.46
2000/6/15,1022.91
2000/6/16,1026.2
2000/6/19,1025.3
2000/6/20,1023.92
2000/6/21,1019.54
2000/6/22,1017.82
2000/6/23,1014.29
2000/6/26,1018.6
2000/6/27,1019.62
2000/6/28,1018.65
2000/6/29,1023.08
2000/6/30,1025.71
2000/7/3,1028.54
2000/7/5,1030.08
2000/7/6,1027.46
2000/7/7,1030.27
2000/7/10,1030.72
2000/7/11,1030.37
2000/7/12,1030.88
2000/7/13,1035.43
2000/7/14,1031.33
2000/7/17,1029.2
2000/7/18,1029.61
2000/7/19,1029.8
2000/7/20,1037.73
2000/7/21,1038.65
2000/7/24,1036.95
2000/7/25,1037.41
2000/7/26,1037.24
2000/7/27,1039.44
2000/7/28,1037.43
2000/7/31,1038.15
2000/8/1,1040.2
2000/8/2,1041.14
2000/8/3,1042.79
2000/8/4,1045.5
2000/8/7,1044.26
2000/8/8,1046.28
2000/8/9,1046.96
2000/8/10,1049.13
2000/8/11,1046.34
2000/8/14,1047.45
2000/8/15,1045.94
2000/8/16,1044.94
2000/8/17,1045.24
2000/8/18,1047.02
2000/8/21,1046.07
2000/8/22,1046.45
2000/8/23,1049.48
2000/8/24,1050.22
2000/8/25,1050.58
2000/8/28,1048.61
2000/8/29,1046.82
2000/8/30,1046.94
2000/8/31,1051.14
2000/9/1,1053.2
2000/9/5,1054.29
2000/9/6,1052.29
2000/9/7,1050.63
2000/9/8,1052
2000/9/11,1050.72
2000/9/12,1050.71
2000/9/13,1053.07
2000/9/14,1050.47
2000/9/15,1049.41
2000/9/18,1048.84
2000/9/19,1050.69
2000/9/20,1048.87
2000/9/21,1050.55
2000/9/22,1052.38
2000/9/25,1053.5
2000/9/26,1056.76
2000/9/27,1055.77
2000/9/28,1056.12
2000/9/29,1056.9
2000/10/2,1055.75
2000/10/3,1054.24
2000/10/4,1052.63
2000/10/5,1054.17
2000/10/6,1055.88
2000/10/10,1054.66
2000/10/11,1054.32
2000/10/12,1055.94
2000/10/13,1054.5
2000/10/16,1054.45
2000/10/17,1056.72
2000/10/18,1055.16
2000/10/19,1055.85
2000/10/20,1058.34
2000/10/23,1061.75
2000/10/24,1061.77
2000/10/25,1059.1
2000/10/26,1059.48
2000/10/27,1058.49
2000/10/30,1058.67
2000/10/31,1057.16
2000/11/1,1059.18
2000/11/2,1060.14
2000/11/3,1056.33
2000/11/6,1055.68
2000/11/7,1055.82
2000/11/8,1056.94
2000/11/9,1059.38
2000/11/10,1059.26
2000/11/13,1061.33
2000/11/14,1062.44
2000/11/15,1062.73
2000/11/16,1063.41
2000/11/17,1060.84
2000/11/20,1059.27
2000/11/21,1059.54
2000/11/22,1062.32
2000/11/24,1060.85
2000/11/27,1060.12
2000/11/28,1061.68
2000/11/29,1064.17
2000/11/30,1069.71
2000/12/1,1066.6
2000/12/4,1066.94
2000/12/5,1071.62
2000/12/6,1077.58
2000/12/7,1078.36
2000/12/8,1077.35
2000/12/11,1077.6
2000/12/12,1078.83
2000/12/13,1083.96
2000/12/14,1087.56
2000/12/15,1087.26
2000/12/18,1088.4
2000/12/19,1086.89
2000/12/20,1091.37
2000/12/21,1091.65
2000/12/22,1093.29
2000/12/26,1093
2000/12/27,1090.07
2000/12/28,1088.88
2000/12/29,1089.65
2001/1/2,1100.86
2001/1/3,1094.35
2001/1/4,1100.92
2001/1/5,1109.07
2001/1/8,1112.19
2001/1/9,1108.58
2001/1/10,1103.38
2001/1/11,1104.97
2001/1/12,1098.81
2001/1/16,1100.84
2001/1/17,1106.14
2001/1/18,1112.35
2001/1/19,1109.54
2001/1/22,1108.14
2001/1/23,1105.59
2001/1/24,1107.14
2001/1/25,1110.07
2001/1/26,1110.7
2001/1/29,1109.73
2001/1/30,1114.42
2001/1/31,1120.84
2001/2/1,1126.22
2001/2/2,1121.32
2001/2/5,1119.59
2001/2/6,1114.53
2001/2/7,1114.46
2001/2/8,1114.9
2001/2/9,1118.76
2001/2/12,1117.03
2001/2/13,1115.74
2001/2/14,1113.13
2001/2/15,1112.17
2001/2/16,1116.96
2001/2/20,1116.89
2001/2/21,1114.13
2001/2/22,1114.54
2001/2/23,1116.75
2001/2/26,1119.9
2001/2/27,1126.01
2001/2/28,1130.31
2001/3/1,1133.9
2001/3/2,1128.75
2001/3/5,1128.65
2001/3/6,1129.49
2001/3/7,1133.85
2001/3/8,1136.4
2001/3/9,1133.53
2001/3/12,1133.44
2001/3/13,1131.89
2001/3/14,1136.9
2001/3/15,1137.82
2001/3/16,1140.74
2001/3/19,1138.55
2001/3/20,1141.75
2001/3/21,1142.41
2001/3/22,1144.4
2001/3/23,1140.72
2001/3/26,1139.24
2001/3/27,1133.22
2001/3/28,1133.39
2001/3/29,1134.66
2001/3/30,1137.25
2001/4/2,1136.55
2001/4/3,1136.33
2001/4/4,1137.25
2001/4/5,1134.86
2001/4/6,1140.07
2001/4/9,1137.33
2001/4/10,1128.99
2001/4/11,1128.88
2001/4/12,1127.5
2001/4/16,1121.44
2001/4/17,1125.87
2001/4/18,1132.28
2001/4/19,1126.54
2001/4/20,1127.1
2001/4/23,1131.43
2001/4/24,1131.39
2001/4/25,1130.67
2001/4/26,1137.05
2001/4/27,1129.85
2001/4/30,1133.53
2001/5/1,1136.91
2001/5/2,1138.33
2001/5/3,1144.28
2001/5/4,1145.31
2001/5/7,1144.44
2001/5/8,1142.72
2001/5/9,1145.18
2001/5/10,1139.19
2001/5/11,1128.49
2001/5/14,1133.16
2001/5/15,1132.07
2001/5/16,1135.09
2001/5/17,1137.9
2001/5/18,1139.73
2001/5/21,1139.94
2001/5/22,1139.67
2001/5/23,1140.26
2001/5/24,1135
2001/5/25,1135.62
2001/5/29,1136.44
2001/5/30,1137.14
2001/5/31,1143.59
2001/6/1,1147.23
2001/6/4,1150.15
2001/6/5,1154.99
2001/6/6,1156
2001/6/7,1153.14
2001/6/8,1150.06
2001/6/11,1153.31
2001/6/12,1155.85
2001/6/13,1154.96
2001/6/14,1158.05
2001/6/15,1156.22
2001/6/18,1154.89
2001/6/19,1153.96
2001/6/20,1154.5
2001/6/21,1156.41
2001/6/22,1162.11
2001/6/25,1162.4
2001/6/26,1157.17
2001/6/27,1156.26
2001/6/28,1151.34
2001/6/29,1149.31
2001/7/2,1154.23
2001/7/3,1151.88
2001/7/5,1150.24
2001/7/6,1153.33
2001/7/9,1154.93
2001/7/10,1158.14
2001/7/11,1156.99
2001/7/12,1160
2001/7/13,1159.75
2001/7/16,1163.48
2001/7/17,1163.83
2001/7/18,1170.9
2001/7/19,1171.32
2001/7/20,1171.81
2001/7/23,1173.35
2001/7/24,1174.87
2001/7/25,1171.02
2001/7/26,1172.77
2001/7/27,1176.69
2001/7/30,1179.27
2001/7/31,1180.46
2001/8/1,1179.63
2001/8/2,1175.65
2001/8/3,1174.53
2001/8/6,1175.4
2001/8/7,1175.6
2001/8/8,1182.13
2001/8/9,1180.11
2001/8/10,1182.24
2001/8/13,1183.05
2001/8/14,1182.44
2001/8/15,1181.33
2001/8/16,1183.17
2001/8/17,1187.75
2001/8/20,1184.14
2001/8/21,1185.48
2001/8/22,1185.56
2001/8/23,1187.98
2001/8/24,1186.9
2001/8/27,1186.71
2001/8/28,1192.46
2001/8/29,1196.35
2001/8/30,1196.24
2001/8/31,1195.79
2001/9/4,1184.03
2001/9/5,1185.81
2001/9/6,1191.13
2001/9/7,1194
2001/9/10,1191.19
2001/9/14,1193.97
2001/9/17,1190.25
2001/9/18,1185.77
2001/9/19,1189.3
2001/9/20,1184.48
2001/9/21,1185.19
2001/9/24,1185.86
2001/9/25,1187.51
2001/9/26,1191.93
2001/9/27,1196.16
2001/9/28,1191.78
2001/10/1,1194.75
2001/10/2,1199.2
2001/10/3,1202.42
2001/10/4,1202.06
2001/10/5,1202.54
2001/10/9,1198.19
2001/10/10,1198.94
2001/10/11,1195.26
2001/10/12,1196.89
2001/10/15,1201.24
2001/10/16,1204.95
2001/10/17,1206.19
2001/10/18,1207.25
2001/10/19,1204.91
2001/10/22,1205.27
2001/10/23,1204.04
2001/10/24,1207.64
2001/10/25,1208.73
2001/10/26,1208.41
2001/10/29,1210.83
2001/10/30,1213.05
2001/10/31,1221.11
2001/11/1,1222.96
2001/11/2,1215.19
2001/11/5,1219.96
2001/11/6,1224.3
2001/11/7,1231.37
2001/11/8,1226.89
2001/11/9,1225.09
2001/11/13,1224.08
2001/11/14,1218.07
2001/11/15,1205.21
2001/11/16,1198.1
2001/11/19,1208.68
2001/11/20,1203.26
2001/11/21,1197.92
2001/11/23,1196.32
2001/11/26,1198.16
2001/11/27,1203.04
2001/11/28,1201.92
2001/11/29,1211.26
2001/11/30,1210.79
2001/12/3,1210.39
2001/12/4,1214.09
2001/12/5,1201.59
2001/12/6,1197.67
2001/12/7,1189.46
2001/12/10,1190.74
2001/12/11,1194.42
2001/12/12,1199.65
2001/12/13,1192.49
2001/12/14,1186.39
2001/12/17,1182.02
2001/12/18,1189.04
2001/12/19,1194.46
2001/12/20,1194.56
2001/12/21,1196.05
2001/12/24,1193.86
2001/12/26,1192.51
2001/12/27,1198.01
2001/12/28,1197.21
2001/12/31,1202.03
2002/1/2,1197.28
2002/1/3,1201.48
2002/1/4,1200.26
2002/1/7,1207.64
2002/1/8,1207.16
2002/1/9,1209.15
2002/1/10,1215.42
2002/1/11,1219.35
2002/1/14,1219.45
2002/1/15,1221.9
2002/1/16,1220.83
2002/1/17,1214.57
2002/1/18,1218.04
2002/1/22,1218.56
2002/1/23,1212.84
2002/1/24,1212.27
2002/1/25,1211.47
2002/1/28,1212.05
2002/1/29,1217.28
2002/1/30,1216.88
2002/1/31,1212.23
2002/2/1,1213.98
2002/2/4,1216.42
2002/2/5,1211.4
2002/2/6,1209.23
2002/2/7,1208.29
2002/2/8,1213.61
2002/2/11,1211.85
2002/2/12,1210.25
2002/2/13,1209.77
2002/2/14,1211.8
2002/2/15,1217.44
2002/2/19,1215.93
2002/2/20,1215.1
2002/2/21,1216.24
2002/2/22,1219.29
2002/2/25,1219.47
2002/2/26,1217.21
2002/2/27,1223.06
2002/2/28,1220.23
2002/3/1,1213.86
2002/3/4,1214.32
2002/3/5,1216.17
2002/3/6,1214.25
2002/3/7,1207.27
2002/3/8,1203.99
2002/3/11,1203.86
2002/3/12,1203.51
2002/3/13,1205.63
2002/3/14,1197.07
2002/3/15,1198.31
2002/3/18,1201.18
2002/3/19,1200.46
2002/3/20,1196.28
2002/3/21,1197.4
2002/3/22,1196.86
2002/3/25,1196.75
2002/3/26,1200.32
2002/3/27,1200.53
2002/3/28,1197.56
2002/3/29,1197.56
2002/4/1,1197.12
2002/4/2,1201.98
2002/4/3,1206.27
2002/4/4,1206.01
2002/4/5,1209.34
2002/4/8,1208.06
2002/4/9,1209.76
2002/4/10,1208.85
2002/4/11,1209.45
2002/4/12,1210.93
2002/4/15,1216.05
2002/4/16,1214.97
2002/4/17,1213.88
2002/4/18,1216.41
2002/4/19,1217.57
2002/4/22,1216.25
2002/4/23,1214.52
2002/4/24,1217.94
2002/4/25,1217.95
2002/4/26,1219.66
2002/4/29,1214.62
2002/4/30,1212.66
2002/5/1,1211.16
2002/5/2,1211.02
2002/5/3,1214.52
2002/5/6,1214.19
2002/5/7,1213.78
2002/5/8,1208.23
2002/5/9,1210.87
2002/5/10,1214.72
2002/5/13,1208.36
2002/5/14,1204.7
2002/5/15,1206.44
2002/5/16,1210.9
2002/5/17,1207.23
2002/5/20,1211.94
2002/5/21,1215.52
2002/5/22,1219.17
2002/5/23,1218.73
2002/5/24,1219.95
2002/5/28,1221.89
2002/5/29,1226.6
2002/5/30,1229.08
2002/5/31,1229.72
2002/6/3,1230.65
2002/6/4,1232.23
2002/6/5,1230.34
2002/6/6,1233.12
2002/6/7,1227.5
2002/6/10,1229.38
2002/6/11,1232.99
2002/6/12,1233.24
2002/6/13,1235.68
2002/6/14,1243.13
2002/6/17,1240.58
2002/6/18,1238.91
2002/6/19,1245.89
2002/6/20,1239.31
2002/6/21,1242.54
2002/6/24,1236.27
2002/6/25,1237.13
2002/6/26,1239.65
2002/6/27,1233.34
2002/6/28,1229.84
2002/7/1,1229.98
2002/7/2,1231.97
2002/7/3,1231.89
2002/7/5,1225.29
2002/7/8,1230.22
2002/7/9,1235.69
2002/7/10,1241.78
2002/7/11,1239.43
2002/7/12,1241.16
2002/7/15,1237.01
2002/7/16,1230.91
2002/7/17,1235.66
2002/7/18,1238.13
2002/7/19,1238.91
2002/7/22,1241.44
2002/7/23,1240.98
2002/7/24,1235.81
2002/7/25,1236.22
2002/7/26,1230.42
2002/7/29,1220.94
2002/7/30,1222.02
2002/7/31,1225.37
2002/8/1,1231.64
2002/8/2,1237.54
2002/8/5,1232.75
2002/8/6,1226.25
2002/8/7,1231.83
2002/8/8,1227.38
2002/8/9,1234.54
2002/8/12,1234.67
2002/8/13,1240.44
2002/8/14,1243.53
2002/8/15,1237.51
2002/8/16,1230.55
2002/8/19,1234.6
2002/8/20,1247.22
2002/8/21,1247.44
2002/8/22,1245.23
2002/8/23,1249.86
2002/8/26,1251.25
2002/8/27,1248.19
2002/8/28,1252.28
2002/8/29,1255.11
2002/8/30,1257.87
2002/9/3,1265.84
2002/9/4,1267.16
2002/9/5,1269.66
2002/9/6,1261.41
2002/9/9,1260.09
2002/9/10,1265.4
2002/9/11,1261.33
2002/9/12,1268.83
2002/9/13,1274.49
2002/9/16,1276.64
2002/9/17,1277.81
2002/9/18,1276.73
2002/9/19,1280.33
2002/9/20,1278.45
2002/9/23,1280.08
2002/9/24,1277.83
2002/9/25,1272.92
2002/9/26,1274.06
2002/9/27,1278.38
2002/9/30,1281.86
2002/10/1,1276.37
2002/10/2,1278.17
2002/10/3,1277.66
2002/10/4,1275.5
2002/10/7,1273.07
2002/10/8,1264.72
2002/10/9,1264.77
2002/10/10,1258.67
2002/10/11,1255.75
2002/10/15,1246.01
2002/10/16,1242.59
2002/10/17,1238.23
2002/10/18,1238.29
2002/10/21,1235.18
2002/10/22,1235.91
2002/10/23,1236.95
2002/10/24,1242.6
2002/10/25,1246.1
2002/10/28,1250.24
2002/10/29,1259.46
2002/10/30,1259.65
2002/10/31,1264.65
2002/11/1,1261.67
2002/11/4,1263.81
2002/11/5,1263.69
2002/11/6,1269.41
2002/11/7,1279.53
2002/11/8,1282.21
2002/11/12,1281.14
2002/11/13,1282.04
2002/11/14,1277.21
2002/11/15,1282.61
2002/11/18,1287.14
2002/11/19,1289.19
2002/11/20,1283.47
2002/11/21,1282.63
2002/11/22,1280.65
2002/11/25,1281.18
2002/11/26,1287.67
2002/11/27,1278.97
2002/11/29,1284.42
2002/12/2,1286.1
2002/12/3,1285.46
2002/12/4,1287.91
2002/12/5,1291.13
2002/12/6,1291.53
2002/12/9,1294.45
2002/12/10,1294.5
2002/12/11,1298.84
2002/12/12,1299.96
2002/12/13,1300.38
2002/12/16,1297.34
2002/12/17,1300.02
2002/12/18,1304.85
2002/12/19,1310.73
2002/12/20,1311.28
2002/12/23,1310.52
2002/12/24,1313.43
2002/12/26,1314.51
2002/12/27,1322.09
2002/12/30,1324.93
2002/12/31,1323.64
2003/1/2,1310.62
2003/1/3,1311.32
2003/1/6,1311.97
2003/1/7,1316.3
2003/1/8,1319.62
2003/1/9,1308.07
2003/1/10,1308.54
2003/1/13,1313.96
2003/1/14,1317.74
2003/1/15,1320.83
2003/1/16,1319.62
2003/1/17,1323.27
2003/1/21,1324.56
2003/1/22,1326.91
2003/1/23,1325.39
2003/1/24,1329.08
2003/1/27,1325.76
2003/1/28,1325.07
2003/1/29,1322.21
2003/1/30,1325.51
2003/1/31,1329.21
2003/2/3,1329.61
2003/2/4,1333.37
2003/2/5,1328.93
2003/2/6,1333.84
2003/2/7,1336.19
2003/2/10,1332.81
2003/2/11,1334.04
2003/2/12,1336.99
2003/2/13,1340.16
2003/2/14,1333.66
2003/2/18,1334.53
2003/2/19,1339.11
2003/2/20,1342.81
2003/2/21,1339.91
2003/2/24,1343.96
2003/2/25,1346.08
2003/2/26,1348.67
2003/2/27,1350.07
2003/2/28,1356.52
2003/3/3,1359.23
2003/3/4,1359.58
2003/3/5,1360.9
2003/3/6,1358.35
2003/3/7,1359.77
2003/3/10,1362.77
2003/3/11,1361.38
2003/3/12,1359.62
2003/3/13,1350.94
2003/3/14,1353.3
2003/3/17,1347.02
2003/3/18,1342.97
2003/3/19,1339.27
2003/3/20,1336.93
2003/3/21,1331.89
2003/3/24,1340.91
2003/3/25,1341.95
2003/3/26,1345.77
2003/3/27,1347.3
2003/3/28,1350.16
2003/3/31,1357.1
2003/4/1,1357.49
2003/4/2,1351.02
2003/4/3,1353.33
2003/4/4,1351.64
2003/4/7,1348.27
2003/4/8,1353.87
2003/4/9,1356.06
2003/4/10,1353.94
2003/4/11,1351.58
2003/4/14,1350.17
2003/4/15,1357.08
2003/4/16,1360.62
2003/4/17,1360.36
2003/4/21,1361.64
2003/4/22,1362.13
2003/4/23,1365.05
2003/4/24,1371.78
2003/4/25,1373.36
2003/4/28,1373.17
2003/4/29,1372.22
2003/4/30,1384.19
2003/5/1,1385.16
2003/5/2,1381.87
2003/5/5,1384.95
2003/5/6,1391.96
2003/5/7,1400.4
2003/5/8,1401.63
2003/5/9,1401.39
2003/5/12,1405.47
2003/5/13,1405.68
2003/5/14,1413
2003/5/15,1410.96
2003/5/16,1416.04
2003/5/19,1416.03
2003/5/20,1422.05
2003/5/21,1420.72
2003/5/22,1424.9
2003/5/23,1426.56
2003/5/27,1422.09
2003/5/28,1420.53
2003/5/29,1428.68
2003/5/30,1429.05
2003/6/2,1424.51
2003/6/3,1431.14
2003/6/4,1433.45
2003/6/5,1430.38
2003/6/6,1430.12
2003/6/9,1438.24
2003/6/10,1445.49
2003/6/11,1445.8
2003/6/12,1449.01
2003/6/13,1454.95
2003/6/16,1450.25
2003/6/17,1444.37
2003/6/18,1438.03
2003/6/19,1438.91
2003/6/20,1435.02
2003/6/23,1439.29
2003/6/24,1443.47
2003/6/25,1435.17
2003/6/26,1423.83
2003/6/27,1421.96
2003/6/30,1425.78
2003/7/1,1423.73
2003/7/2,1425.51
2003/7/3,1417.8
2003/7/7,1414.99
2003/7/8,1414.75
2003/7/9,1417.19
2003/7/10,1419.22
2003/7/11,1421.78
2003/7/14,1416.65
2003/7/15,1403.53
2003/7/16,1403.41
2003/7/17,1403.01
2003/7/18,1402.52
2003/7/21,1389.23
2003/7/22,1391.94
2003/7/23,1395.24
2003/7/24,1391.99
2003/7/25,1390.86
2003/7/28,1383.66
2003/7/29,1374.63
2003/7/30,1378.88
2003/7/31,1363.85
2003/8/1,1366.62
2003/8/4,1373.46
2003/8/5,1363.78
2003/8/6,1374.05
2003/8/7,1377.57
2003/8/8,1378.15
2003/8/11,1374.53
2003/8/12,1375.87
2003/8/13,1361.84
2003/8/14,1361.06
2003/8/15,1360.8
2003/8/18,1364.7
2003/8/19,1372.91
2003/8/20,1370.36
2003/8/21,1367.17
2003/8/22,1371.13
2003/8/25,1367.09
2003/8/26,1370.07
2003/8/27,1367.01
2003/8/28,1375.81
2003/8/29,1375.19
2003/9/2,1366.65
2003/9/3,1367.08
2003/9/4,1372.62
2003/9/5,1384.76
2003/9/8,1382.06
2003/9/9,1383.64
2003/9/10,1391.32
2003/9/11,1387.01
2003/9/12,1392.44
2003/9/15,1396.2
2003/9/16,1393.62
2003/9/17,1401.75
2003/9/18,1402.42
2003/9/19,1404.68
2003/9/22,1398.87
2003/9/23,1399.95
2003/9/24,1406.25
2003/9/25,1408.8
2003/9/26,1414.45
2003/9/29,1411.62
2003/9/30,1424.43
2003/10/1,1424.93
2003/10/2,1419.62
2003/10/3,1405.05
2003/10/6,1409.33
2003/10/7,1402.55
2003/10/8,1403.05
2003/10/9,1399.72
2003/10/10,1403.78
2003/10/14,1398.74
2003/10/15,1397.16
2003/10/16,1393.54
2003/10/17,1399.3
2003/10/20,1401.07
2003/10/21,1400.71
2003/10/22,1405.95
2003/10/23,1402.68
2003/10/24,1411.16
2003/10/27,1407.7
2003/10/28,1414.24
2003/10/29,1408.23
2003/10/30,1404.11
2003/10/31,1409.45
2003/11/3,1405.26
2003/11/4,1408.97
2003/11/5,1403.77
2003/11/6,1399.06
2003/11/7,1396.68
2003/11/10,1396.34
2003/11/12,1403.07
2003/11/13,1414.28
2003/11/14,1420.72
2003/11/17,1424.57
2003/11/18,1426.48
2003/11/19,1420.64
2003/11/20,1425.58
2003/11/21,1426.86
2003/11/24,1421.33
2003/11/25,1424.36
2003/11/26,1421.04
2003/11/28,1416.61
2003/12/1,1412.87
2003/12/2,1414.98
2003/12/3,1412.76
2003/12/4,1416.4
2003/12/5,1428.17
2003/12/8,1423.25
2003/12/9,1417.91
2003/12/10,1420.75
2003/12/11,1426.21
2003/12/12,1426.55
2003/12/15,1425.38
2003/12/16,1428.41
2003/12/17,1432.2
2003/12/18,1436.7
2003/12/19,1437.63
2003/12/22,1436.02
2003/12/23,1429.21
2003/12/24,1435.14
2003/12/26,1439.05
2003/12/29,1433.93
2003/12/30,1431.75
2003/12/31,1432.74
2004/1/2,1424.85
2004/1/5,1425.73
2004/1/6,1434.02
2004/1/7,1436.16
2004/1/8,1436.92
2004/1/9,1449.3
2004/1/12,1449.34
2004/1/13,1453.09
2004/1/14,1456.82
2004/1/15,1458.95
2004/1/16,1456.72
2004/1/20,1453.87
2004/1/21,1455.56
2004/1/22,1461.27
2004/1/23,1453.77
2004/1/26,1448.7
2004/1/27,1452.96
2004/1/28,1444.19
2004/1/29,1444.46
2004/1/30,1447.76
2004/2/2,1445.94
2004/2/3,1449.5
2004/2/4,1448.61
2004/2/5,1444.73
2004/2/6,1450.97
2004/2/9,1453.93
2004/2/10,1450.9
2004/2/11,1458.05
2004/2/12,1455.3
2004/2/13,1459.04
2004/2/17,1459.64
2004/2/18,1459.92
2004/2/19,1460.17
2004/2/20,1456.19
2004/2/23,1460.02
2004/2/24,1461.2
2004/2/25,1462.32
2004/2/26,1460.17
2004/2/27,1465.79
2004/3/1,1465.48
2004/3/2,1461.39
2004/3/3,1460.47
2004/3/4,1463.03
2004/3/5,1478.01
2004/3/8,1482.29
2004/3/9,1485.56
2004/3/10,1484.6
2004/3/11,1483.48
2004/3/12,1481.93
2004/3/15,1481.08
2004/3/16,1487.85
2004/3/17,1488.66
2004/3/18,1484.13
2004/3/19,1481.52
2004/3/22,1486.43
2004/3/23,1487.19
2004/3/24,1487.52
2004/3/25,1485.77
2004/3/26,1478.39
2004/3/29,1475.48
2004/3/30,1474.79
2004/3/31,1479.63
2004/4/1,1475.24
2004/4/2,1457.49
2004/4/5,1452.22
2004/4/6,1455.97
2004/4/7,1456.76
2004/4/8,1454.78
2004/4/12,1454.15
2004/4/13,1445.96
2004/4/14,1442.72
2004/4/15,1440.38
2004/4/16,1444.14
2004/4/19,1442.62
2004/4/20,1439.58
2004/4/21,1438.29
2004/4/22,1443.04
2004/4/23,1437.24
2004/4/26,1439.5
2004/4/27,1441.72
2004/4/28,1436.22
2004/4/29,1430.8
2004/4/30,1433.11
2004/5/3,1433.44
2004/5/4,1430.33
2004/5/5,1427.94
2004/5/6,1422
2004/5/7,1409.5
2004/5/10,1408.2
2004/5/11,1409.49
2004/5/12,1407.6
2004/5/13,1403.49
2004/5/14,1407.85
2004/5/17,1414.84
2004/5/18,1413.23
2004/5/19,1409.58
2004/5/20,1414.86
2004/5/21,1412.04
2004/5/24,1414.57
2004/5/25,1415.56
2004/5/26,1420.08
2004/5/27,1426.9
2004/5/28,1422.74
2004/5/31,1422.74
2004/6/1,1419
2004/6/2,1416.53
2004/6/3,1417.69
2004/6/4,1413.07
2004/6/7,1415.13
2004/6/8,1415.28
2004/6/9,1412.31
2004/6/10,1413.61
2004/6/14,1408.14
2004/6/15,1421.55
2004/6/16,1418.24
2004/6/17,1421.88
2004/6/18,1420.76
2004/6/21,1422.76
2004/6/22,1422.04
2004/6/23,1422.96
2004/6/24,1426.99
2004/6/25,1427.04
2004/6/28,1420.3
2004/6/29,1423.44
2004/6/30,1429.02
2004/7/1,1432.56
2004/7/2,1440.36
2004/7/6,1439.68
2004/7/7,1440.02
2004/7/8,1440.75
2004/7/9,1441.35
2004/7/12,1443.6
2004/7/13,1441.65
2004/7/14,1441.85
2004/7/15,1442.45
2004/7/16,1451.89
2004/7/19,1452.38
2004/7/20,1445.61
2004/7/21,1443.02
2004/7/22,1444.67
2004/7/23,1446.69
2004/7/26,1444.31
2004/7/27,1435.8
2004/7/28,1436.74
2004/7/29,1438.42
2004/7/30,1446.8
2004/8/2,1448.38
2004/8/3,1450.75
2004/8/4,1450.74
2004/8/5,1452.8
2004/8/6,1466.62
2004/8/9,1465.21
2004/8/10,1461.86
2004/8/11,1462.56
2004/8/12,1464.68
2004/8/13,1468.51
2004/8/16,1465.83
2004/8/17,1469.92
2004/8/18,1468.99
2004/8/19,1470.65
2004/8/20,1469.36
2004/8/23,1466.35
2004/8/24,1467
2004/8/25,1468.59
2004/8/26,1471.63
2004/8/27,1472.14
2004/8/30,1476.33
2004/8/31,1481.2
2004/9/1,1481.84
2004/9/2,1477.05
2004/9/3,1469.6
2004/9/7,1474.18
2004/9/8,1480.93
2004/9/9,1478.39
2004/9/10,1479.64
2004/9/13,1482.55
2004/9/14,1485.12
2004/9/15,1483.62
2004/9/16,1491.69
2004/9/17,1487.21
2004/9/20,1493.16
2004/9/21,1494.7
2004/9/22,1498.35
2004/9/23,1494.85
2004/9/24,1494.68
2004/9/27,1497.71
2004/9/28,1496.8
2004/9/29,1491.19
2004/9/30,1490.32
2004/10/1,1485.54
2004/10/4,1487.67
2004/10/5,1487.98
2004/10/6,1483.82
2004/10/7,1482.25
2004/10/8,1491.49
2004/10/12,1494.59
2004/10/13,1496.89
2004/10/14,1502.03
2004/10/15,1498.97
2004/10/18,1499.08
2004/10/19,1499.63
2004/10/20,1502.6
2004/10/21,1502.88
2004/10/22,1504.09
2004/10/25,1505.36
2004/10/26,1505.2
2004/10/27,1498.27
2004/10/28,1499.45
2004/10/29,1504.87
2004/11/1,1500.17
2004/11/2,1501.96
2004/11/3,1503.74
2004/11/4,1504.65
2004/11/5,1494.99
2004/11/8,1494
2004/11/9,1492.89
2004/11/10,1490.77
2004/11/12,1496.66
2004/11/15,1497.36
2004/11/16,1496.15
2004/11/17,1501.55
2004/11/18,1504.07
2004/11/19,1497.83
2004/11/22,1501.07
2004/11/23,1500.45
2004/11/24,1499.64
2004/11/26,1496.94
2004/11/29,1490.7
2004/11/30,1489.56
2004/12/1,1488.73
2004/12/2,1487.35
2004/12/3,1498.15
2004/12/6,1501.8
2004/12/7,1502.92
2004/12/8,1511.31
2004/12/9,1508.81
2004/12/10,1509.54
2004/12/13,1509.97
2004/12/14,1511.69
2004/12/15,1516.58
2004/12/16,1508.26
2004/12/17,1507.02
2004/12/20,1508.29
2004/12/21,1511.2
2004/12/22,1509.52
2004/12/23,1508.79
2004/12/27,1504.03
2004/12/28,1504.18
2004/12/29,1502.12
2004/12/30,1506.8
2004/12/31,1509.94
2005/1/3,1511.22
2005/1/4,1505.75
2005/1/5,1506.48
2005/1/6,1506.73
2005/1/7,1505.96
2005/1/10,1506.55
2005/1/11,1509.73
2005/1/12,1510.63
2005/1/13,1514.89
2005/1/14,1511.12
2005/1/18,1512.96
2005/1/19,1513.99
2005/1/20,1515.84
2005/1/21,1518.03
2005/1/24,1520.71
2005/1/25,1516.13
2005/1/26,1516.51
2005/1/27,1516.34
2005/1/28,1521.5
2005/1/31,1521.97
2005/2/1,1522.02
2005/2/2,1522.6
2005/2/3,1521.63
2005/2/4,1529.84
2005/2/7,1533.38
2005/2/8,1534.84
2005/2/9,1539.36
2005/2/10,1531.63
2005/2/11,1529.66
2005/2/14,1531.66
2005/2/15,1529.92
2005/2/16,1525.62
2005/2/17,1524.08
2005/2/18,1518.06
2005/2/22,1516.32
2005/2/23,1517.94
2005/2/24,1517.26
2005/2/25,1518.69
2005/2/28,1512.9
2005/3/1,1512.23
2005/3/2,1511.77
2005/3/3,1511.43
2005/3/4,1517.9
2005/3/7,1519.49
2005/3/8,1514.08
2005/3/9,1503.44
2005/3/10,1507.68
2005/3/11,1501.9
2005/3/14,1503.28
2005/3/15,1500.25
2005/3/16,1499.79
2005/3/17,1502.14
2005/3/18,1499.15
2005/3/21,1497.24
2005/3/22,1489.87
2005/3/23,1489.87
2005/3/24,1491.7
2005/3/28,1489.47
2005/3/29,1491.06
2005/3/30,1492.86
2005/3/31,1492.85
2005/4/1,1496.16
2005/4/4,1495.87
2005/4/5,1495.28
2005/4/6,1497.96
2005/4/7,1495.59
2005/4/8,1494.3
2005/4/11,1495.81
2005/4/12,1502.88
2005/4/13,1500.87
2005/4/14,1499.82
2005/4/15,1501.27
2005/4/18,1503.81
2005/4/19,1509.09
2005/4/20,1510.2
2005/4/21,1505.15
2005/4/22,1510.15
2005/4/25,1511.17
2005/4/26,1509.7
2005/4/27,1511.84
2005/4/28,1516.88
2005/4/29,1512.21
2005/5/2,1512.85
2005/5/3,1511.45
2005/5/4,1513.88
2005/5/5,1515.1
2005/5/6,1505.39
2005/5/9,1506.72
2005/5/10,1511.04
2005/5/11,1511.29
2005/5/12,1513.12
2005/5/13,1512.28
2005/5/16,1512.51
2005/5/17,1513.02
2005/5/18,1517.34
2005/5/19,1516.22
2005/5/20,1515.75
2005/5/23,1521.67
2005/5/24,1524.21
2005/5/25,1522.71
2005/5/26,1523.55
2005/5/27,1526.2
2005/5/31,1533
2005/6/1,1541.41
2005/6/2,1544.15
2005/6/3,1538.02
2005/6/6,1540.17
2005/6/7,1544.61
2005/6/8,1541.4
2005/6/9,1538.45
2005/6/10,1531.71
2005/6/13,1528.98
2005/6/14,1525.6
2005/6/15,1526.57
2005/6/16,1530.46
2005/6/17,1530.65
2005/6/20,1529.32
2005/6/21,1534.03
2005/6/22,1542.96
2005/6/23,1541.88
2005/6/24,1545.47
2005/6/27,1547.6
2005/6/28,1542.86
2005/6/29,1541.49
2005/6/30,1545.57
2005/7/1,1537.75
2005/7/5,1532.81
2005/7/6,1536.05
2005/7/7,1538.42
2005/7/8,1533.25
2005/7/11,1535.55
2005/7/12,1533.14
2005/7/13,1532.29
2005/7/14,1532.06
2005/7/15,1532.84
2005/7/18,1529.53
2005/7/19,1532.18
2005/7/20,1534.67
2005/7/21,1526.24
2005/7/22,1531.11
2005/7/25,1530.09
2005/7/26,1530.99
2005/7/27,1529.66
2005/7/28,1536.39
2005/7/29,1530.31
2005/8/1,1527.65
2005/8/2,1526.05
2005/8/3,1528.72
2005/8/4,1526.95
2005/8/5,1520.21
2005/8/8,1518.84
2005/8/9,1520.91
2005/8/10,1521.38
2005/8/11,1526.4
2005/8/12,1533.42
2005/8/15,1530.76
2005/8/16,1534.76
2005/8/17,1530.96
2005/8/18,1536.31
2005/8/19,1536.9
2005/8/22,1537.51
2005/8/23,1540.11
2005/8/24,1540.86
2005/8/25,1543.04
2005/8/26,1540.44
2005/8/29,1541.63
2005/8/30,1548.37
2005/8/31,1553.73
2005/9/1,1553.29
2005/9/2,1551.5
2005/9/6,1547.82
2005/9/7,1542.76
2005/9/8,1542.94
2005/9/9,1544.72
2005/9/12,1541.7
2005/9/13,1544.77
2005/9/14,1542.5
2005/9/15,1537.49
2005/9/16,1533.32
2005/9/19,1534.85
2005/9/20,1534.94
2005/9/21,1539.68
2005/9/22,1540.28
2005/9/23,1534.9
2005/9/26,1532.21
2005/9/27,1531.59
2005/9/28,1534.9
2005/9/29,1532.41
2005/9/30,1528.65
2005/10/3,1524.4
2005/10/4,1525.65
2005/10/5,1527.28
2005/10/6,1526.75
2005/10/7,1527.47
2005/10/11,1525.93
2005/10/12,1520.28
2005/10/13,1515.87
2005/10/14,1514.22
2005/10/17,1515.32
2005/10/18,1517.2
2005/10/19,1518.32
2005/10/20,1519.28
2005/10/21,1525.53
2005/10/24,1521.85
2005/10/25,1516.27
2005/10/26,1509.03
2005/10/27,1511.1
2005/10/28,1509.93
2005/10/31,1511
2005/11/1,1510.06
2005/11/2,1507.36
2005/11/3,1504.52
2005/11/4,1503.73
2005/11/7,1505.82
2005/11/8,1511.41
2005/11/9,1506.07
2005/11/10,1512.34
2005/11/14,1508.91
2005/11/15,1512.11
2005/11/16,1517.29
2005/11/17,1519.84
2005/11/18,1516.26
2005/11/21,1520.22
2005/11/22,1522.74
2005/11/23,1519.03
2005/11/25,1523.18
2005/11/28,1526.72
2005/11/29,1521.07
2005/11/30,1519.88
2005/12/1,1517.83
2005/12/2,1517.6
2005/12/5,1514.6
2005/12/6,1520.05
2005/12/7,1518.42
2005/12/8,1523.22
2005/12/9,1517.58
2005/12/12,1517.82
2005/12/13,1519.16
2005/12/14,1526.68
2005/12/15,1524.98
2005/12/16,1527.14
2005/12/19,1528.17
2005/12/20,1526.39
2005/12/21,1524.93
2005/12/22,1529.77
2005/12/23,1534.96
2005/12/27,1539.4
2005/12/28,1536.73
2005/12/29,1536.54
2005/12/30,1535.25
2006/1/3,1537.22
2006/1/4,1538.89
2006/1/5,1539.14
2006/1/6,1537.15
2006/1/9,1537.93
2006/1/10,1533.94
2006/1/11,1531.24
2006/1/12,1535.96
2006/1/13,1541.22
2006/1/17,1543.1
2006/1/18,1542.41
2006/1/19,1540
2006/1/20,1541.86
2006/1/23,1542.93
2006/1/24,1540.59
2006/1/25,1533.8
2006/1/26,1530.33
2006/1/27,1532.35
2006/1/30,1530.75
2006/1/31,1532.02
2006/2/1,1529.34
2006/2/2,1530.05
2006/2/3,1533.08
2006/2/6,1533.41
2006/2/7,1531.02
2006/2/8,1528.79
2006/2/9,1531.18
2006/2/10,1528.22
2006/2/13,1528.76
2006/2/14,1527.1
2006/2/15,1528.91
2006/2/16,1530.27
2006/2/17,1535.28
2006/2/21,1534.49
2006/2/22,1537.82
2006/2/23,1535.32
2006/2/24,1535.38
2006/2/27,1534.2
2006/2/28,1538.94
2006/3/1,1535.22
2006/3/2,1531.12
2006/3/3,1527.44
2006/3/6,1523.22
2006/3/7,1523.27
2006/3/8,1523.47
2006/3/9,1524.16
2006/3/10,1522.49
2006/3/13,1521.61
2006/3/14,1528.42
2006/3/15,1525.95
2006/3/16,1533.22
2006/3/17,1531.29
2006/3/20,1533.61
2006/3/21,1528.42
2006/3/22,1529.39
2006/3/23,1526.64
2006/3/24,1531.93
2006/3/27,1530.15
2006/3/28,1523.83
2006/3/29,1520.68
2006/3/30,1516.95
2006/3/31,1517.25
2006/4/3,1516.51
2006/4/4,1517.26
2006/4/5,1520.12
2006/4/6,1515.79
2006/4/7,1510.19
2006/4/10,1510.97
2006/4/11,1513.81
2006/4/12,1510.35
2006/4/13,1505.43
2006/4/17,1509.55
2006/4/18,1512.74
2006/4/19,1509.12
2006/4/20,1508.98
2006/4/21,1511.37
2006/4/24,1514.9
2006/4/25,1508.47
2006/4/26,1506.16
2006/4/27,1508.64
2006/4/28,1511.94
2006/5/1,1507.52
2006/5/2,1509.73
2006/5/3,1507.37
2006/5/4,1507.34
2006/5/5,1510.68
2006/5/8,1511.13
2006/5/9,1510.57
2006/5/10,1510.64
2006/5/11,1508.66
2006/5/12,1503.74
2006/5/15,1506.65
2006/5/16,1510.52
2006/5/17,1506.26
2006/5/18,1512.44
2006/5/19,1514.72
2006/5/22,1515.97
2006/5/23,1513.9
2006/5/24,1515.61
2006/5/25,1512.58
2006/5/26,1515.07
2006/5/30,1512.57
2006/5/31,1509.39
2006/6/1,1510.11
2006/6/2,1520.82
2006/6/5,1518.97
2006/6/6,1519.86
2006/6/7,1518.41
2006/6/8,1520.94
2006/6/9,1522.23
2006/6/12,1522.51
2006/6/13,1524.13
2006/6/14,1515.82
2006/6/15,1510.87
2006/6/16,1508.4
2006/6/19,1507.62
2006/6/20,1506.56
2006/6/21,1506.18
2006/6/22,1502.65
2006/6/23,1500.15
2006/6/26,1499.74
2006/6/27,1502.48
2006/6/28,1499.52
2006/6/29,1504.11
2006/6/30,1511.29
2006/7/3,1511.1
2006/7/5,1505.56
2006/7/6,1508.96
2006/7/7,1513.98
2006/7/10,1514.99
2006/7/11,1517.56
2006/7/12,1517.88
2006/7/13,1519.93
2006/7/14,1520.24
2006/7/17,1520.14
2006/7/18,1515.17
2006/7/19,1522.12
2006/7/20,1525.67
2006/7/21,1524.34
2006/7/24,1525.16
2006/7/25,1523.35
2006/7/26,1526.34
2006/7/27,1526.82
2006/7/28,1532.71
2006/7/31,1533.37
2006/8/1,1533.96
2006/8/2,1535.84
2006/8/3,1536.79
2006/8/4,1541.46
2006/8/7,1540.59
2006/8/8,1540.59
2006/8/9,1539.64
2006/8/10,1539.32
2006/8/11,1536.28
2006/8/14,1534.66
2006/8/15,1541.21
2006/8/16,1546.6
2006/8/17,1547.19
2006/8/18,1550.36
2006/8/21,1552.3
2006/8/22,1553.37
2006/8/23,1553.28
2006/8/24,1554.21
2006/8/25,1555.6
2006/8/28,1555.59
2006/8/29,1556.63
2006/8/30,1558.68
2006/8/31,1561.94
2006/9/1,1562.79
2006/9/5,1559.23
2006/9/6,1557.71
2006/9/7,1558.93
2006/9/8,1560.89
2006/9/11,1559
2006/9/12,1562.16
2006/9/13,1563.29
2006/9/14,1561.24
2006/9/15,1561.59
2006/9/18,1561.09
2006/9/19,1567.61
2006/9/20,1568.56
2006/9/21,1575.76
2006/9/22,1579.97
2006/9/25,1584.44
2006/9/26,1582.73
2006/9/27,1582.29
2006/9/28,1579.77
2006/9/29,1579.83
2006/10/2,1580.95
2006/10/3,1581.78
2006/10/4,1586.4
2006/10/5,1582.76
2006/10/6,1574.94
2006/10/10,1571.19
2006/10/11,1567.8
2006/10/12,1569
2006/10/13,1567.3
2006/10/16,1569.9
2006/10/17,1571.42
2006/10/18,1573.07
2006/10/19,1572.04
2006/10/20,1572.53
2006/10/23,1569.22
2006/10/24,1569.82
2006/10/25,1574.55
2006/10/26,1580.2
2006/10/27,1584.73
2006/10/30,1586.18
2006/10/31,1592.61
2006/11/1,1597.44
2006/11/2,1594.77
2006/11/3,1584.66
2006/11/6,1586.69
2006/11/7,1591.74
2006/11/8,1594.25
2006/11/9,1595.03
2006/11/10,1598.88
2006/11/13,1597.27
2006/11/14,1601.71
2006/11/15,1597.44
2006/11/16,1594.18
2006/11/17,1599.66
2006/11/20,1601.29
2006/11/21,1603.27
2006/11/22,1604.22
2006/11/24,1606.75
2006/11/27,1608.11
2006/11/28,1610.66
2006/11/29,1610
2006/11/30,1615.96
2006/12/1,1619.61
2006/12/4,1620.07
2006/12/5,1619.97
2006/12/6,1617.21
2006/12/7,1617.42
2006/12/8,1610.44
2006/12/11,1614.05
2006/12/12,1616.9
2006/12/13,1608.62
2006/12/14,1606.39
2006/12/15,1606.5
2006/12/18,1607.93
2006/12/19,1607.3
2006/12/20,1608
2006/12/21,1612.42
2006/12/22,1605.92
2006/12/26,1608.98
2006/12/27,1604.51
2006/12/28,1601.46
2006/12/29,1601.26
2007/1/2,1603.49
2007/1/3,1606.49
2007/1/4,1611.21
2007/1/5,1609.08
2007/1/8,1609.07
2007/1/9,1609.3
2007/1/10,1607.45
2007/1/11,1603.22
2007/1/12,1600.08
2007/1/16,1603.21
2007/1/17,1600.71
2007/1/18,1604.5
2007/1/19,1602.81
2007/1/22,1604.97
2007/1/23,1601.62
2007/1/24,1601.9
2007/1/25,1597.19
2007/1/26,1595.96
2007/1/29,1595.43
2007/1/30,1596.54
2007/1/31,1601.38
2007/2/1,1600.82
2007/2/2,1602.31
2007/2/5,1605.15
2007/2/6,1609.97
2007/2/7,1612.38
2007/2/8,1613.64
2007/2/9,1609.04
2007/2/12,1607.54
2007/2/13,1606.54
2007/2/14,1615.1
2007/2/15,1618.39
2007/2/16,1620.06
2007/2/20,1622.62
2007/2/21,1622.16
2007/2/22,1618.79
2007/2/23,1623.49
2007/2/26,1628.31
2007/2/27,1637.89
2007/2/28,1634.36
2007/3/1,1634.08
2007/3/2,1636.56
2007/3/5,1635.53
2007/3/6,1635.12
2007/3/7,1638.11
2007/3/8,1638.06
2007/3/9,1630.5
2007/3/12,1633.99
2007/3/13,1638.76
2007/3/14,1634.1
2007/3/15,1633.82
2007/3/16,1632.61
2007/3/19,1631.14
2007/3/20,1632.56
2007/3/21,1636.05
2007/3/22,1629.56
2007/3/23,1627.75
2007/3/26,1630.29
2007/3/27,1628.52
2007/3/28,1627.2
2007/3/29,1626.52
2007/3/30,1624.99
2007/4/2,1625.48
2007/4/3,1623.98
2007/4/4,1624.87
2007/4/5,1623.33
2007/4/9,1618.43
2007/4/10,1621.52
2007/4/11,1621.5
2007/4/12,1621.8
2007/4/13,1619.38
2007/4/16,1623
2007/4/17,1627.78
2007/4/18,1631.43
2007/4/19,1630.3
2007/4/20,1631
2007/4/23,1634.26
2007/4/24,1636.93
2007/4/25,1634.27
2007/4/26,1630.41
2007/4/27,1629.11
2007/4/30,1636.91
2007/5/1,1636.14
2007/5/2,1636.18
2007/5/3,1633.53
2007/5/4,1637.51
2007/5/7,1638.95
2007/5/8,1638.85
2007/5/9,1634.87
2007/5/10,1637.48
2007/5/11,1635.24
2007/5/14,1635.09
2007/5/15,1633.34
2007/5/16,1634.2
2007/5/17,1630.04
2007/5/18,1625.82
2007/5/21,1627.97
2007/5/22,1624.28
2007/5/23,1621.85
2007/5/24,1622.19
2007/5/25,1621.8
2007/5/29,1621.2
2007/5/30,1621.06
2007/5/31,1620.55
2007/6/1,1614.99
2007/6/4,1618.7
2007/6/5,1614.29
2007/6/6,1613.81
2007/6/7,1601.82
2007/6/8,1599.79
2007/6/11,1599
2007/6/12,1588.85
2007/6/13,1593.85
2007/6/14,1593.04
2007/6/15,1598.35
2007/6/18,1601.23
2007/6/19,1606.71
2007/6/20,1602.97
2007/6/21,1597.95
2007/6/22,1600.79
2007/6/25,1606.83
2007/6/26,1604.15
2007/6/27,1606.89
2007/6/28,1603.32
2007/6/29,1612.62
2007/7/2,1615.66
2007/7/3,1611.06
2007/7/5,1602.65
2007/7/6,1598.52
2007/7/9,1602.41
2007/7/10,1613.38
2007/7/11,1608.26
2007/7/12,1604.87
2007/7/13,1607.16
2007/7/16,1612.83
2007/7/17,1608.86
2007/7/18,1614
2007/7/19,1612.4
2007/7/20,1617.09
2007/7/23,1616.19
2007/7/24,1616.34
2007/7/25,1618.47
2007/7/26,1623.87
2007/7/27,1619.73
2007/7/30,1613.71
2007/7/31,1616.35
2007/8/1,1616.25
2007/8/2,1618.63
2007/8/3,1623.55
2007/8/6,1618.86
2007/8/7,1618.7
2007/8/8,1612.64
2007/8/9,1616.47
2007/8/10,1615.94
2007/8/13,1617.47
2007/8/14,1620.82
2007/8/15,1617.31
2007/8/16,1621.41
2007/8/17,1616.41
2007/8/20,1620.53
2007/8/21,1624.36
2007/8/22,1622.1
2007/8/23,1625.4
2007/8/24,1623.72
2007/8/27,1627.88
2007/8/28,1632.94
2007/8/29,1629.6
2007/8/30,1634.11
2007/8/31,1629.43
2007/9/4,1629.28
2007/9/5,1637.72
2007/9/6,1633.85
2007/9/7,1643.63
2007/9/10,1647.51
2007/9/11,1643.34
2007/9/12,1638.54
2007/9/13,1631.91
2007/9/14,1632.48
2007/9/17,1633.61
2007/9/18,1635.85
2007/9/19,1635.57
2007/9/20,1624.31
2007/9/21,1633.58
2007/9/24,1636.95
2007/9/25,1636.27
2007/9/26,1637.01
2007/9/27,1642.34
2007/9/28,1641.98
2007/10/1,1643.61
2007/10/2,1647.98
2007/10/3,1648.75
2007/10/4,1653.36
2007/10/5,1643.79
2007/10/9,1644.91
2007/10/10,1647.24
2007/10/11,1647.31
2007/10/12,1645
2007/10/15,1648.67
2007/10/16,1648.97
2007/10/17,1658.76
2007/10/18,1659.95
2007/10/19,1669.04
2007/10/22,1665.09
2007/10/23,1667.14
2007/10/24,1673.05
2007/10/25,1670.7
2007/10/26,1667.82
2007/10/29,1670.42
2007/10/30,1669.93
2007/10/31,1661.7
2007/11/1,1670.62
2007/11/2,1674.05
2007/11/5,1667.9
2007/11/6,1664.71
2007/11/7,1664.29
2007/11/8,1666.9
2007/11/9,1668.33
2007/11/13,1664.08
2007/11/14,1663.38
2007/11/15,1670.6
2007/11/16,1668.67
2007/11/19,1674.92
2007/11/20,1674.22
2007/11/21,1676.61
2007/11/23,1678.46
2007/11/26,1695.87
2007/11/27,1684.12
2007/11/28,1675.08
2007/11/29,1678.81
2007/11/30,1671.65
2007/12/3,1679.03
2007/12/4,1675.78
2007/12/5,1670.92
2007/12/6,1660.79
2007/12/7,1650.01
2007/12/10,1649.96
2007/12/11,1667.81
2007/12/12,1659.55
2007/12/13,1651.17
2007/12/14,1648.15
2007/12/17,1653.37
2007/12/18,1661.29
2007/12/19,1666.29
2007/12/20,1672.46
2007/12/21,1659.81
2007/12/24,1656.55
2007/12/26,1650.28
2007/12/27,1658.41
2007/12/28,1668.61
2007/12/31,1674.29
2008/1/2,1689.57
2008/1/3,1687.17
2008/1/4,1690.12
2008/1/7,1690.84
2008/1/8,1687.64
2008/1/9,1687.14
2008/1/10,1676.42
2008/1/11,1685.29
2008/1/14,1685.86
2008/1/15,1691.8
2008/1/16,1688.41
2008/1/17,1694.79
2008/1/18,1692.92
2008/1/22,1697.66
2008/1/23,1705.37
2008/1/24,1688.01
2008/1/25,1698.13
2008/1/28,1698.18
2008/1/29,1693.26
2008/1/30,1686.14
2008/1/31,1691.33
2008/2/1,1697.51
2008/2/4,1695.82
2008/2/5,1702.14
2008/2/6,1698.62
2008/2/7,1685.55
2008/2/8,1692.13
2008/2/11,1695.64
2008/2/12,1688.25
2008/2/13,1686.52
2008/2/14,1676.16
2008/2/15,1678.18
2008/2/19,1668.57
2008/2/20,1664.5
2008/2/21,1678.16
2008/2/22,1676.75
2008/2/25,1666.83
2008/2/26,1669.76
2008/2/27,1671.29
2008/2/28,1681.56
2008/2/29,1693.21
2008/3/3,1689.3
2008/3/4,1683.65
2008/3/5,1669.48
2008/3/6,1670.99
2008/3/7,1671.39
2008/3/10,1678.25
2008/3/11,1660.66
2008/3/12,1672.47
2008/3/13,1662.14
2008/3/14,1666.99
2008/3/17,1672.02
2008/3/18,1664.04
2008/3/19,1677.15
2008/3/20,1679.67
2008/3/24,1663.71
2008/3/25,1669.77
2008/3/26,1669.43
2008/3/27,1665.43
2008/3/28,1669.17
2008/3/31,1671.7
2008/4/1,1663.22
2008/4/2,1661.56
2008/4/3,1665.05
2008/4/4,1680.17
2008/4/7,1678.56
2008/4/8,1679.77
2008/4/9,1688.44
2008/4/10,1681.35
2008/4/11,1686.55
2008/4/14,1683.06
2008/4/15,1676.86
2008/4/16,1667.5
2008/4/17,1666.53
2008/4/18,1669.08
2008/4/21,1677.4
2008/4/22,1678.11
2008/4/23,1678.22
2008/4/24,1668.64
2008/4/25,1666.91
2008/4/28,1673.5
2008/4/29,1678.79
2008/4/30,1686.99
2008/5/1,1690.66
2008/5/2,1685.79
2008/5/5,1688.13
2008/5/6,1681.09
2008/5/7,1684.05
2008/5/8,1690.78
2008/5/9,1693.08
2008/5/12,1692.84
2008/5/13,1678.33
2008/5/14,1675.5
2008/5/15,1687.43
2008/5/16,1688.06
2008/5/19,1691.53
2008/5/20,1696.42
2008/5/21,1689.71
2008/5/22,1677.04
2008/5/23,1684.42
2008/5/27,1674.41
2008/5/28,1668.61
2008/5/29,1662.75
2008/5/30,1670.89
2008/6/2,1676.64
2008/6/3,1683.82
2008/6/4,1678.89
2008/6/5,1673.01
2008/6/6,1682.3
2008/6/9,1676.61
2008/6/10,1664.71
2008/6/11,1666.88
2008/6/12,1654.82
2008/6/13,1650.94
2008/6/16,1653.63
2008/6/17,1655.56
2008/6/18,1662.43
2008/6/19,1656.28
2008/6/20,1660.17
2008/6/23,1656.01
2008/6/24,1659.5
2008/6/25,1658.16
2008/6/26,1663.02
2008/6/27,1659.99
2008/6/30,1660.2
2008/7/1,1657.22
2008/7/2,1661.38
2008/7/3,1660.65
2008/7/7,1664.17
2008/7/8,1668.03
2008/7/9,1672.34
2008/7/10,1672.51
2008/7/11,1657.64
2008/7/14,1666.13
2008/7/15,1664.84
2008/7/16,1652.31
2008/7/17,1641.56
2008/7/18,1634.81
2008/7/21,1635.5
2008/7/22,1632.82
2008/7/23,1630.48
2008/7/24,1644
2008/7/25,1635.41
2008/7/28,1645.18
2008/7/29,1643.45
2008/7/30,1642.56
2008/7/31,1647.79
2008/8/1,1651.24
2008/8/4,1650.4
2008/8/5,1648.12
2008/8/6,1644.26
2008/8/7,1656.91
2008/8/8,1655.4
2008/8/11,1650.78
2008/8/12,1658.64
2008/8/13,1654.29
2008/8/14,1659.09
2008/8/15,1660.1
2008/8/18,1664
2008/8/19,1658.52
2008/8/20,1661.56
2008/8/21,1656.85
2008/8/22,1654.7
2008/8/25,1662.08
2008/8/26,1662.02
2008/8/27,1663.43
2008/8/28,1659.94
2008/8/29,1659.64
2008/9/2,1666.04
2008/9/3,1670.66
2008/9/4,1674.38
2008/9/5,1669.5
2008/9/8,1672.94
2008/9/9,1676.55
2008/9/10,1668.82
2008/9/11,1665.11
2008/9/12,1651.8
2008/9/15,1638.04
2008/9/16,1630.25
2008/9/17,1605.9
2008/9/18,1586.19
2008/9/19,1572.92
2008/9/22,1583.81
2008/9/23,1577.98
2008/9/24,1582.09
2008/9/25,1565.7
2008/9/26,1546.18
2008/9/29,1563.09
2008/9/30,1530.7
2008/10/1,1529.56
2008/10/2,1532.58
2008/10/3,1534.7
2008/10/6,1542.17
2008/10/7,1527.53
2008/10/8,1499.13
2008/10/9,1484.08
2008/10/10,1470.67
2008/10/14,1466.75
2008/10/15,1451.43
2008/10/16,1447.21
2008/10/17,1433.46
2008/10/20,1434.15
2008/10/21,1448.81
2008/10/22,1455.66
2008/10/23,1462.13
2008/10/24,1445.84
2008/10/27,1444.67
2008/10/28,1441.73
2008/10/29,1440.11
2008/10/30,1440.43
2008/10/31,1432.06
2008/11/3,1436.61
2008/11/4,1449.43
2008/11/5,1464.25
2008/11/6,1466.06
2008/11/7,1463.01
2008/11/10,1477.26
2008/11/12,1482.4
2008/11/13,1475.77
2008/11/14,1476.68
2008/11/17,1476.7
2008/11/18,1479.9
2008/11/19,1484.4
2008/11/20,1488.15
2008/11/21,1475.61
2008/11/24,1469.86
2008/11/25,1481.87
2008/11/26,1485.38
2008/11/28,1490.33
2008/12/1,1503.7
2008/12/2,1505.98
2008/12/3,1506.66
2008/12/4,1514.09
2008/12/5,1509.27
2008/12/8,1508.03
2008/12/9,1516.51
2008/12/10,1518.38
2008/12/11,1521.32
2008/12/12,1524.18
2008/12/15,1529.91
2008/12/16,1542.7
2008/12/17,1560.45
2008/12/18,1576.2
2008/12/19,1577
2008/12/22,1579.99
2008/12/23,1580.99
2008/12/24,1583.54
2008/12/26,1587.42
2008/12/29,1591.69
2008/12/30,1599.39
2008/12/31,1591.62
2009/1/2,1578.43
2009/1/5,1577.04
2009/1/6,1587.39
2009/1/7,1600.62
2009/1/8,1606.09
2009/1/9,1608.2
2009/1/12,1618.72
2009/1/13,1614.69
2009/1/14,1622.46
2009/1/15,1622.88
2009/1/16,1617.9
2009/1/20,1615.57
2009/1/21,1599.77
2009/1/22,1595.11
2009/1/23,1591.33
2009/1/26,1593.15
2009/1/27,1609.09
2009/1/28,1605.79
2009/1/29,1597.72
2009/1/30,1598.84
2009/2/2,1608.97
2009/2/3,1598.22
2009/2/4,1591.54
2009/2/5,1594.13
2009/2/6,1590.4
2009/2/9,1592.95
2009/2/10,1611.76
2009/2/11,1619.02
2009/2/12,1621.19
2009/2/13,1606.94
2009/2/17,1625.04
2009/2/18,1607.99
2009/2/19,1593.52
2009/2/20,1594.39
2009/2/23,1589.59
2009/2/24,1584.69
2009/2/25,1572.01
2009/2/26,1569.33
2009/2/27,1567.38
2009/3/2,1573.04
2009/3/3,1565.15
2009/3/4,1552.97
2009/3/5,1564.64
2009/3/6,1557.93
2009/3/9,1546.52
2009/3/10,1541.23
2009/3/11,1544.15
2009/3/12,1542.68
2009/3/13,1541.04
2009/3/16,1536.88
2009/3/17,1534.09
2009/3/18,1565.97
2009/3/19,1560.62
2009/3/20,1558.84
2009/3/23,1558.47
2009/3/24,1560.67
2009/3/25,1550.65
2009/3/26,1556.25
2009/3/27,1557.96
2009/3/30,1558.51
2009/3/31,1560.91
2009/4/1,1563.51
2009/4/2,1560.14
2009/4/3,1552.72
2009/4/6,1555.65
2009/4/7,1559.77
2009/4/8,1566.55
2009/4/9,1564.86
2009/4/13,1581
2009/4/14,1592.81
2009/4/15,1597.97
2009/4/16,1597.95
2009/4/17,1593.8
2009/4/20,1605.75
2009/4/21,1597.53
2009/4/22,1592.27
2009/4/23,1598.31
2009/4/24,1597.86
2009/4/27,1606.54
2009/4/28,1601.81
2009/4/29,1599.73
2009/4/30,1615.1
2009/5/1,1612.66
2009/5/4,1618.12
2009/5/5,1625.56
2009/5/6,1632.92
2009/5/7,1629.55
2009/5/8,1636.84
2009/5/11,1646.97
2009/5/12,1647.49
2009/5/13,1651
2009/5/14,1646.98
2009/5/15,1651.05
2009/5/18,1645.07
2009/5/19,1650.07
2009/5/20,1662.49
2009/5/21,1652.81
2009/5/22,1648.91
2009/5/26,1648.56
2009/5/27,1641.76
2009/5/28,1651.22
2009/5/29,1678.15
2009/6/1,1667.62
2009/6/2,1685.2
2009/6/3,1693.99
2009/6/4,1681.32
2009/6/5,1669.18
2009/6/8,1667.86
2009/6/9,1674.24
2009/6/10,1674.13
2009/6/11,1685
2009/6/12,1695.19
2009/6/15,1705.02
2009/6/16,1709.01
2009/6/17,1708.18
2009/6/18,1690.77
2009/6/19,1699.23
2009/6/22,1709.42
2009/6/23,1713.04
2009/6/24,1707.34
2009/6/25,1718.3
2009/6/26,1720.92
2009/6/29,1722.03
2009/6/30,1723.99
2009/7/1,1723.76
2009/7/2,1731.1
2009/7/6,1730.81
2009/7/7,1735.03
2009/7/8,1750.85
2009/7/9,1738.91
2009/7/10,1750.57
2009/7/13,1747.81
2009/7/14,1739.68
2009/7/15,1731.74
2009/7/16,1737.11
2009/7/17,1735.46
2009/7/20,1750.14
2009/7/21,1765.11
2009/7/22,1759.54
2009/7/23,1747.54
2009/7/24,1754.73
2009/7/27,1752.64
2009/7/28,1758.64
2009/7/29,1763.58
2009/7/30,1774.92
2009/7/31,1798.42
2009/8/3,1788.94
2009/8/4,1787.25
2009/8/5,1781.93
2009/8/6,1787.99
2009/8/7,1779.53
2009/8/10,1791.42
2009/8/11,1798.42
2009/8/12,1794.03
2009/8/13,1805.7
2009/8/14,1810.01
2009/8/17,1811.03
2009/8/18,1804.28
2009/8/19,1807.34
2009/8/20,1811.94
2009/8/21,1802.45
2009/8/24,1814.06
2009/8/25,1821.09
2009/8/26,1822.86
2009/8/27,1821.01
2009/8/28,1824.83
2009/8/31,1831.4
2009/9/1,1831.93
2009/9/2,1840.24
2009/9/3,1837.26
2009/9/4,1827.55
2009/9/8,1829.03
2009/9/9,1829.72
2009/9/10,1847.1
2009/9/11,1850.65
2009/9/14,1847.33
2009/9/15,1845.39
2009/9/16,1847.4
2009/9/17,1857.56
2009/9/18,1850.15
2009/9/21,1849.96
2009/9/22,1853.47
2009/9/23,1857.13
2009/9/24,1859.41
2009/9/25,1863.64
2009/9/28,1866.56
2009/9/29,1864.3
2009/9/30,1863.91
2009/10/1,1871.81
2009/10/2,1864.48
2009/10/5,1867.15
2009/10/6,1865.37
2009/10/7,1877.64
2009/10/8,1869.03
2009/10/9,1855.65
2009/10/13,1867.08
2009/10/14,1857.51
2009/10/15,1853.52
2009/10/16,1859.95
2009/10/19,1864.45
2009/10/20,1873.39
2009/10/21,1866.5
2009/10/22,1866.6
2009/10/23,1864.11
2009/10/26,1858.82
2009/10/27,1869.63
2009/10/28,1874.22
2009/10/29,1863.8
2009/10/30,1877.01
2009/11/2,1874.24
2009/11/3,1866.57
2009/11/4,1859.71
2009/11/5,1864.1
2009/11/6,1870.11
2009/11/9,1872.94
2009/11/10,1873.68
2009/11/12,1878.07
2009/11/13,1880.81
2009/11/16,1892.55
2009/11/17,1893.51
2009/11/18,1888.85
2009/11/19,1889.93
2009/11/20,1888.57
2009/11/23,1889.04
2009/11/24,1892.94
2009/11/25,1893.1
2009/11/27,1903.99
2009/11/30,1903.86
2009/12/1,1897.26
2009/12/2,1895.73
2009/12/3,1892.63
2009/12/4,1885.12
2009/12/7,1891.11
2009/12/8,1899.22
2009/12/9,1897.46
2009/12/10,1893.99
2009/12/11,1893.39
2009/12/14,1895.98
2009/12/15,1895.56
2009/12/16,1897.23
2009/12/17,1910.45
2009/12/18,1905.7
2009/12/21,1893.96
2009/12/22,1889.69
2009/12/23,1891.02
2009/12/24,1883.72
2009/12/28,1881.78
2009/12/29,1886.88
2009/12/30,1891.32
2009/12/31,1889
2010/1/4,1891.96
2010/1/5,1905.72
2010/1/6,1902.77
2010/1/7,1902.71
2010/1/8,1905.08
2010/1/11,1905.27
2010/1/12,1914.62
2010/1/13,1906.19
2010/1/14,1913.94
2010/1/15,1917.32
2010/1/19,1912.77
2010/1/20,1917.92
2010/1/21,1923.83
2010/1/22,1919.8
2010/1/25,1914.97
2010/1/26,1912.5
2010/1/27,1912.83
2010/1/28,1911.92
2010/1/29,1919.82
2010/2/1,1912.67
2010/2/2,1915.86
2010/2/3,1911.02
2010/2/4,1917.84
2010/2/5,1919.01
2010/2/8,1912.72
2010/2/9,1905.94
2010/2/10,1900.07
2010/2/11,1896.79
2010/2/12,1902.04
2010/2/16,1903.99
2010/2/17,1897.45
2010/2/18,1895.3
2010/2/19,1901.24
2010/2/22,1903.33
2010/2/23,1915.04
2010/2/24,1914.23
2010/2/25,1919.48
2010/2/26,1926.64
2010/3/1,1926.06
2010/3/2,1927.71
2010/3/3,1926.87
2010/3/4,1929.69
2010/3/5,1923.09
2010/3/8,1924.32
2010/3/9,1925.4
2010/3/10,1924.88
2010/3/11,1925.76
2010/3/12,1928.15
2010/3/15,1930.58
2010/3/16,1936.98
2010/3/17,1940.54
2010/3/18,1938.94
2010/3/19,1937.99
2010/3/22,1939.65
2010/3/23,1938.82
2010/3/24,1923.78
2010/3/25,1918.7
2010/3/26,1924.49
2010/3/29,1925.74
2010/3/30,1927.05
2010/3/31,1932.4
2010/4/1,1930.65
2010/4/2,1921.85
2010/4/5,1918.78
2010/4/6,1921.22
2010/4/7,1934.13
2010/4/8,1931.21
2010/4/9,1933.19
2010/4/12,1940.31
2010/4/13,1945.22
2010/4/14,1941.42
2010/4/15,1946.15
2010/4/16,1955.21
2010/4/19,1947.95
2010/4/20,1950.64
2010/4/21,1959.1
2010/4/22,1955.03
2010/4/23,1950.39
2010/4/26,1950.33
2010/4/27,1961.39
2010/4/28,1949.68
2010/4/29,1959.05
2010/4/30,1967.57
2010/5/3,1961.65
2010/5/4,1971.29
2010/5/5,1972.62
2010/5/6,1983.54
2010/5/7,1962.59
2010/5/10,1957.17
2010/5/11,1951.66
2010/5/12,1951.98
2010/5/13,1955.67
2010/5/14,1970.13
2010/5/17,1966.62
2010/5/18,1976.14
2010/5/19,1970.3
2010/5/20,1976.59
2010/5/21,1979.91
2010/5/24,1971.83
2010/5/25,1971.46
2010/5/26,1965.66
2010/5/27,1954.03
2010/5/28,1956.73
2010/5/31,1956.73
2010/6/1,1957.18
2010/6/2,1950.22
2010/6/3,1947.84
2010/6/4,1968.8
2010/6/7,1967.73
2010/6/8,1966.69
2010/6/9,1962.43
2010/6/10,1946.15
2010/6/11,1959.66
2010/6/14,1955.74
2010/6/15,1952.61
2010/6/16,1955.72
2010/6/17,1968.84
2010/6/18,1967.81
2010/6/21,1971.68
2010/6/22,1979.35
2010/6/23,1983.5
2010/6/24,1980.63
2010/6/25,1981.76
2010/6/28,1992
2010/6/29,1996.84
2010/6/30,1998.43
2010/7/1,2001.87
2010/7/2,1995.75
2010/7/6,2003.68
2010/7/7,1998.68
2010/7/8,1996.71
2010/7/9,1995.26
2010/7/12,1998.91
2010/7/13,1995.28
2010/7/14,2005.84
2010/7/15,2014.14
2010/7/16,2018.75
2010/7/19,2015.47
2010/7/20,2018.72
2010/7/21,2026.78
2010/7/22,2024.02
2010/7/23,2019.31
2010/7/26,2021.94
2010/7/27,2020.64
2010/7/28,2026.37
2010/7/29,2026.46
2010/7/30,2037.58
2010/8/2,2031.62
2010/8/3,2039.08
2010/8/4,2035
2010/8/5,2039.34
2010/8/6,2048.01
2010/8/9,2047.88
2010/8/10,2048.94
2010/8/11,2057.09
2010/8/12,2053.2
2010/8/13,2057.35
2010/8/16,2073.27
2010/8/17,2067.22
2010/8/18,2071
2010/8/19,2079.77
2010/8/20,2074.62
2010/8/23,2076.01
2010/8/24,2085.36
2010/8/25,2078.9
2010/8/26,2083.84
2010/8/27,2063.34
2010/8/30,2074.08
2010/8/31,2077.99
2010/9/1,2066.34
2010/9/2,2063.53
2010/9/3,2058.5
2010/9/7,2074.11
2010/9/8,2069.53
2010/9/9,2057.61
2010/9/10,2055.38
2010/9/13,2065.52
2010/9/14,2075.32
2010/9/15,2064.66
2010/9/16,2059.9
2010/9/17,2062.38
2010/9/20,2068.01
2010/9/21,2080.67
2010/9/22,2084.27
2010/9/23,2083.04
2010/9/24,2076.55
2010/9/27,2089.93
2010/9/28,2096.31
2010/9/29,2091.38
2010/9/30,2092.52
2010/10/1,2091.47
2010/10/4,2096.71
2010/10/5,2098.41
2010/10/6,2110.48
2010/10/7,2110.18
2010/10/8,2109.96
2010/10/12,2105.45
2010/10/13,2105.02
2010/10/14,2095.33
2010/10/15,2082.98
2010/10/18,2093.18
2010/10/19,2096.89
2010/10/20,2097.69
2010/10/21,2093.25
2010/10/22,2092.89
2010/10/25,2098.48
2010/10/26,2089.32
2010/10/27,2082.85
2010/10/28,2088.11
2010/10/29,2094.99
2010/11/1,2094.28
2010/11/2,2101.8
2010/11/3,2095.19
2010/11/4,2110.87
2010/11/5,2104.87
2010/11/8,2103.56
2010/11/9,2090.64
2010/11/10,2092.13
2010/11/12,2081.03
2010/11/15,2063.03
2010/11/16,2071.93
2010/11/17,2070.05
2010/11/18,2069.65
2010/11/19,2072.25
2010/11/22,2079.55
2010/11/23,2082.14
2010/11/24,2063.83
2010/11/26,2071.1
2010/11/29,2075.3
2010/11/30,2077.99
2010/12/1,2059.42
2010/12/2,2058.18
2010/12/3,2058.34
2010/12/6,2068.84
2010/12/7,2047.21
2010/12/8,2042.23
2010/12/9,2046.22
2010/12/10,2041.05
2010/12/13,2045.84
2010/12/14,2027.52
2010/12/15,2022.03
2010/12/16,2026.69
2010/12/17,2045.73
2010/12/20,2042.77
2010/12/21,2045.55
2010/12/22,2043.9
2010/12/23,2039.72
2010/12/27,2045.8
2010/12/28,2030.93
2010/12/29,2049.94
2010/12/30,2048.01
2010/12/31,2058.93
2011/1/3,2057.38
2011/1/4,2058.52
2011/1/5,2043.25
2011/1/6,2049.94
2011/1/7,2059.41
2011/1/10,2060.56
2011/1/11,2059.23
2011/1/12,2058.28
2011/1/13,2065.02
2011/1/14,2061.38
2011/1/18,2060.06
2011/1/19,2064.19
2011/1/20,2050.59
2011/1/21,2056.67
2011/1/24,2059.36
2011/1/25,2069.71
2011/1/26,2056.95
2011/1/27,2062.93
2011/1/28,2068.58
2011/1/31,2063.03
2011/2/1,2058.09
2011/2/2,2054.29
2011/2/3,2050.51
2011/2/4,2040.72
2011/2/7,2045.84
2011/2/8,2039.07
2011/2/9,2048.85
2011/2/10,2040.15
2011/2/11,2046.24
2011/2/14,2051.18
2011/2/15,2053.48
2011/2/16,2053
2011/2/17,2058.51
2011/2/18,2056.85
2011/2/22,2070
2011/2/23,2066.97
2011/2/24,2069.72
2011/2/25,2073.4
2011/2/28,2079.38
2011/3/1,2080.94
2011/3/2,2073.75
2011/3/3,2062.21
2011/3/4,2071.39
2011/3/7,2070.75
2011/3/8,2065.74
2011/3/9,2074.28
2011/3/10,2082.54
2011/3/11,2080.92
2011/3/14,2087.19
2011/3/15,2085.83
2011/3/16,2096.24
2011/3/17,2091.17
2011/3/18,2090.7
2011/3/21,2087.87
2011/3/22,2087.78
2011/3/23,2086.57
2011/3/24,2081.83
2011/3/25,2076.93
2011/3/28,2077.48
2011/3/29,2071.75
2011/3/30,2076.28
2011/3/31,2076.6
2011/4/1,2078.02
2011/4/4,2082.6
2011/4/5,2077.92
2011/4/6,2072.97
2011/4/7,2073.71
2011/4/8,2073
2011/4/11,2074.45
2011/4/12,2081.87
2011/4/13,2086.65
2011/4/14,2083.61
2011/4/15,2093.78
2011/4/18,2097.13
2011/4/19,2099.77
2011/4/20,2097.21
2011/4/21,2096.66
2011/4/25,2101.51
2011/4/26,2108.62
2011/4/27,2103.07
2011/4/28,2109.98
2011/4/29,2112.31
2011/5/2,2115.38
2011/5/3,2120.04
2011/5/4,2123.65
2011/5/5,2129.24
2011/5/6,2129.72
2011/5/9,2131.15
2011/5/10,2125.15
2011/5/11,2130.27
2011/5/12,2123.56
2011/5/13,2128.42
2011/5/16,2133.6
2011/5/17,2137.95
2011/5/18,2130.87
2011/5/19,2131.18
2011/5/20,2133.23
2011/5/23,2134.63
2011/5/24,2135.51
2011/5/25,2133.14
2011/5/26,2140.7
2011/5/27,2139.13
2011/5/31,2142.82
2011/6/1,2152.16
2011/6/2,2139.51
2011/6/3,2142.81
2011/6/6,2140.31
2011/6/7,2140.55
2011/6/8,2146.89
2011/6/9,2141.14
2011/6/10,2144.75
2011/6/13,2140.31
2011/6/14,2128.57
2011/6/15,2144.87
2011/6/16,2148.25
2011/6/17,2145.21
2011/6/20,2143.06
2011/6/21,2141.98
2011/6/22,2142.46
2011/6/23,2149.39
2011/6/24,2150.38
2011/6/27,2139.36
2011/6/28,2127.62
2011/6/29,2125.48
2011/6/30,2124.04
2011/7/1,2122.07
2011/7/5,2131.85
2011/7/6,2136.65
2011/7/7,2132.82
2011/7/8,2150.12
2011/7/11,2158.95
2011/7/12,2159.78
2011/7/13,2163.77
2011/7/14,2155.72
2011/7/15,2156.97
2011/7/18,2153.2
2011/7/19,2159.15
2011/7/20,2154.15
2011/7/21,2147.35
2011/7/22,2155.7
2011/7/25,2149.34
2011/7/26,2157.36
2011/7/27,2155.24
2011/7/28,2159.58
2011/7/29,2177.6
2011/8/1,2186.65
2011/8/2,2202.41
2011/8/3,2203.67
2011/8/4,2217.47
2011/8/5,2195.89
2011/8/8,2205.35
2011/8/9,2213.37
2011/8/10,2215.68
2011/8/11,2178.77
2011/8/12,2193.2
2011/8/15,2180.29
2011/8/16,2189.74
2011/8/17,2197.27
2011/8/18,2202.67
2011/8/19,2198.61
2011/8/22,2195.23
2011/8/23,2179.22
2011/8/24,2158.58
2011/8/25,2168.65
2011/8/26,2172.51
2011/8/29,2164.51
2011/8/30,2180.51
2011/8/31,2179.02
2011/9/1,2190.21
2011/9/2,2207.27
2011/9/6,2204.15
2011/9/7,2197.84
2011/9/8,2202.52
2011/9/9,2207.26
2011/9/12,2197.48
2011/9/13,2187.04
2011/9/14,2188.41
2011/9/15,2180.97
2011/9/16,2183.51
2011/9/19,2197.07
2011/9/20,2195.1
2011/9/21,2208.17
2011/9/22,2217.47
2011/9/23,2196.35
2011/9/26,2184.27
2011/9/27,2174.28
2011/9/28,2176.52
2011/9/29,2182.95
2011/9/30,2184.58
2011/10/3,2197.1
2011/10/4,2183.4
2011/10/5,2169.82
2011/10/6,2166.63
2011/10/7,2160.97
2011/10/11,2161.12
2011/10/12,2158.37
2011/10/13,2172.27
2011/10/14,2167.18
2011/10/17,2179.77
2011/10/18,2180.41
2011/10/19,2188.26
2011/10/20,2190.34
2011/10/21,2190.66
2011/10/24,2193.34
2011/10/25,2213.36
2011/10/26,2203.98
2011/10/27,2193.48
2011/10/28,2208.89
2011/10/31,2223.63
2011/11/1,2236.7
2011/11/2,2234.15
2011/11/3,2228.16
2011/11/4,2231.7
2011/11/7,2235.82
2011/11/8,2221.88
2011/11/9,2224.03
2011/11/10,2211.66
2011/11/14,2215.72
2011/11/15,2204.74
2011/11/16,2205.11
2011/11/17,2207.87
2011/11/18,2201.87
2011/11/21,2200.38
2011/11/22,2199.28
2011/11/23,2199.94
2011/11/25,2185.15
2011/11/28,2192.55
2011/11/29,2187.06
2011/11/30,2180.05
2011/12/1,2175.6
2011/12/2,2195.16
2011/12/5,2202.4
2011/12/6,2197.09
2011/12/7,2206.3
2011/12/8,2211.79
2011/12/9,2197.8
2011/12/12,2202.85
2011/12/13,2208.38
2011/12/14,2215.48
2011/12/15,2210.62
2011/12/16,2220.12
2011/12/19,2226.32
2011/12/20,2212.35
2011/12/21,2206.54
2011/12/22,2209.66
2011/12/23,2198.9
2011/12/27,2204.58
2011/12/28,2220.91
2011/12/29,2222.76
2011/12/30,2226.65
2012/1/3,2218.96
2012/1/4,2218.42
2012/1/5,2217.56
2012/1/6,2224
2012/1/9,2226.43
2012/1/10,2228.51
2012/1/11,2236.04
2012/1/12,2234.64
2012/1/13,2245.09
2012/1/17,2247.39
2012/1/18,2242.45
2012/1/19,2237.83
2012/1/20,2233.96
2012/1/23,2232.39
2012/1/24,2234.14
2012/1/25,2241.4
2012/1/26,2256.62
2012/1/27,2261.66
2012/1/30,2269.58
2012/1/31,2275.95
2012/2/1,2271.2
2012/2/2,2275.62
2012/2/3,2263.9
2012/2/6,2277.11
2012/2/7,2271.62
2012/2/8,2274.37
2012/2/9,2270.04
2012/2/10,2277.31
2012/2/13,2276.97
2012/2/14,2286.42
2012/2/15,2282.65
2012/2/16,2269
2012/2/17,2271.05
2012/2/21,2269.35
2012/2/22,2276.54
2012/2/23,2279.79
2012/2/24,2284.51
2012/2/27,2293.58
2012/2/28,2294.97
2012/2/29,2295.11
2012/3/1,2289.13
2012/3/2,2296.94
2012/3/5,2292.32
2012/3/6,2294.24
2012/3/7,2288.72
2012/3/8,2285.2
2012/3/9,2281.53
2012/3/12,2283.48
2012/3/13,2275.16
2012/3/14,2257.31
2012/3/15,2261.69
2012/3/16,2262.79
2012/3/19,2254.85
2012/3/20,2255.08
2012/3/21,2266.31
2012/3/22,2265.49
2012/3/23,2270.2
2012/3/26,2271.25
2012/3/27,2278.61
2012/3/28,2278.14
2012/3/29,2281.04
2012/3/30,2272.94
2012/4/2,2275.94
2012/4/3,2265.45
2012/4/4,2267.91
2012/4/5,2273.26
2012/4/6,2289.32
2012/4/9,2286.88
2012/4/10,2292.24
2012/4/11,2284.63
2012/4/12,2284.28
2012/4/13,2293.88
2012/4/16,2295.76
2012/4/17,2291.7
2012/4/18,2295.1
2012/4/19,2298.07
2012/4/20,2295.66
2012/4/23,2297.85
2012/4/24,2295.13
2012/4/25,2294.55
2012/4/26,2297.31
2012/4/27,2301.21
2012/4/30,2304.67
2012/5/1,2299.17
2012/5/2,2307.19
2012/5/3,2309.09
2012/5/4,2314.94
2012/5/7,2312.12
2012/5/8,2316.76
2012/5/9,2311.58
2012/5/10,2310.73
2012/5/11,2314.41
2012/5/14,2318.5
2012/5/15,2317.98
2012/5/16,2312.78
2012/5/17,2314.85
2012/5/18,2309.17
2012/5/21,2304.47
2012/5/22,2293.65
2012/5/23,2302.95
2012/5/24,2297.57
2012/5/25,2300.05
2012/5/29,2303.9
2012/5/30,2318.1
2012/5/31,2322.06
2012/6/1,2330.37
2012/6/4,2321.74
2012/6/5,2316.14
2012/6/6,2307.14
2012/6/7,2310.58
2012/6/8,2311.68
2012/6/11,2321.01
2012/6/12,2309.69
2012/6/13,2317.16
2012/6/14,2315.69
2012/6/15,2323.33
2012/6/18,2325.69
2012/6/19,2322.31
2012/6/20,2325.43
2012/6/21,2332.78
2012/6/22,2325.3
2012/6/25,2334.65
2012/6/26,2331.36
2012/6/27,2332.84
2012/6/28,2336.99
2012/6/29,2330.3
2012/7/2,2344.1
2012/7/3,2339.51
2012/7/5,2344.64
2012/7/6,2351.19
2012/7/9,2355.99
2012/7/10,2362.34
2012/7/11,2364.48
2012/7/12,2367.86
2012/7/13,2367.97
2012/7/16,2375.85
2012/7/17,2374.8
2012/7/18,2387.03
2012/7/19,2386.55
2012/7/20,2393.59
2012/7/23,2390.84
2012/7/24,2395.02
2012/7/25,2396.42
2012/7/26,2396.82
2012/7/27,2381.43
2012/7/30,2393.97
2012/7/31,2397.35
2012/8/1,2392.15
2012/8/2,2401.45
2012/8/3,2386.63
2012/8/6,2393.46
2012/8/7,2384.32
2012/8/8,2381.67
2012/8/9,2381.49
2012/8/10,2386.34
2012/8/13,2387.59
2012/8/14,2376.83
2012/8/15,2364.39
2012/8/16,2359.19
2012/8/17,2363.54
2012/8/20,2365.43
2012/8/21,2369.03
2012/8/22,2381.27
2012/8/23,2387.65
2012/8/24,2384.54
2012/8/27,2390.67
2012/8/28,2393.32
2012/8/29,2389.77
2012/8/30,2393.99
2012/8/31,2402.68
2012/9/4,2402.07
2012/9/5,2399.2
2012/9/6,2389.12
2012/9/7,2394.49
2012/9/10,2394.1
2012/9/11,2394.04
2012/9/12,2386.85
2012/9/13,2389.04
2012/9/14,2382.06
2012/9/17,2390.41
2012/9/18,2393.49
2012/9/19,2399.92
2012/9/20,2400.57
2012/9/21,2402.33
2012/9/24,2407.83
2012/9/25,2412.6
2012/9/26,2418.3
2012/9/27,2416.26
2012/9/28,2419.55
2012/10/1,2422.95
2012/10/2,2426.99
2012/10/3,2427.32
2012/10/4,2423.7
2012/10/5,2419.59
2012/10/9,2425.79
2012/10/10,2431.23
2012/10/11,2437.77
2012/10/12,2443.29
2012/10/15,2445.12
2012/10/16,2441.72
2012/10/17,2438.71
2012/10/18,2439.95
2012/10/19,2447.88
2012/10/22,2441.78
2012/10/23,2439.51
2012/10/24,2439.29
2012/10/25,2431.86
2012/10/26,2440.65
2012/10/29,2443.18
2012/10/31,2450.71
2012/11/1,2444.79
2012/11/2,2443.47
2012/11/5,2447.33
2012/11/6,2436.48
2012/11/7,2449.1
2012/11/8,2453.12
2012/11/9,2450.22
2012/11/13,2453.77
2012/11/14,2454.07
2012/11/15,2449.43
2012/11/16,2447.32
2012/11/19,2444.21
2012/11/20,2438.97
2012/11/21,2436.39
2012/11/23,2437.45
2012/11/26,2442.8
2012/11/27,2445.05
2012/11/28,2445.95
2012/11/29,2445.63
2012/11/30,2446.81
2012/12/3,2445.35
2012/12/4,2450.34
2012/12/5,2452.25
2012/12/6,2453.61
2012/12/7,2446.39
2012/12/10,2448.85
2012/12/11,2445.88
2012/12/12,2440.1
2012/12/13,2438.49
2012/12/14,2442.59
2012/12/17,2434.87
2012/12/18,2427.54
2012/12/19,2436.36
2012/12/20,2438.26
2012/12/21,2443.9
2012/12/24,2440.63
2012/12/26,2443.92
2012/12/27,2452.1
2012/12/28,2452.09
2012/12/31,2445.25
2013/1/2,2439.9
2013/1/3,2434.32
2013/1/4,2434
2013/1/7,2438.14
2013/1/8,2441.9
2013/1/9,2443.1
2013/1/10,2437.9
2013/1/11,2442.03
2013/1/14,2443.03
2013/1/15,2443.15
2013/1/16,2442.44
2013/1/17,2436.53
2013/1/18,2441.64
2013/1/22,2443.33
2013/1/23,2442.54
2013/1/24,2441.31
2013/1/25,2428.1
2013/1/28,2426.78
2013/1/29,2423.44
2013/1/30,2421.24
2013/1/31,2423.5
2013/2/1,2419.07
2013/2/4,2425.1
2013/2/5,2419.42
2013/2/6,2426.11
2013/2/7,2428.29
2013/2/8,2427.42
2013/2/11,2429.64
2013/2/12,2424.08
2013/2/13,2421.04
2013/2/14,2427.41
2013/2/15,2424.99
2013/2/19,2422.46
2013/2/20,2423.91
2013/2/21,2428.75
2013/2/22,2431.61
2013/2/25,2442
2013/2/26,2442.55
2013/2/27,2439.6
2013/2/28,2442.16
2013/3/1,2444.69
2013/3/4,2442.19
2013/3/5,2441.41
2013/3/6,2436.53
2013/3/7,2429.52
2013/3/8,2423
2013/3/11,2423.68
2013/3/12,2429.35
2013/3/13,2429.38
2013/3/14,2427.36
2013/3/15,2430.96
2013/3/18,2434.76
2013/3/19,2442.35
2013/3/20,2436.52
2013/3/21,2438.34
2013/3/22,2439.52
2013/3/25,2439.76
2013/3/26,2439.59
2013/3/27,2444.53
2013/3/28,2442.63
2013/4/1,2445.74
2013/4/2,2443.92
2013/4/3,2452.27
2013/4/4,2462.03
2013/4/5,2475.03
2013/4/8,2471.51
2013/4/9,2470.74
2013/4/10,2463.67
2013/4/11,2467.88
2013/4/12,2477.77
2013/4/15,2480.47
2013/4/16,2476.8
2013/4/17,2478.85
2013/4/18,2481.83
2013/4/19,2479.49
2013/4/22,2480.94
2013/4/23,2481.82
2013/4/24,2483.76
2013/4/25,2481.72
2013/4/26,2489.5
2013/4/29,2489.22
2013/4/30,2487.23
2013/5/1,2494.29
2013/5/2,2495.69
2013/5/3,2478.72
2013/5/6,2476.89
2013/5/7,2477.12
2013/5/8,2481.3
2013/5/9,2478.82
2013/5/10,2465.78
2013/5/13,2464.09
2013/5/14,2459.43
2013/5/15,2460.91
2013/5/16,2472.58
2013/5/17,2460.64
2013/5/20,2459.82
2013/5/21,2462.97
2013/5/22,2452.82
2013/5/23,2452.02
2013/5/24,2454.74
2013/5/28,2438.14
2013/5/29,2437.52
2013/5/30,2435.51
2013/5/31,2428.94
2013/6/3,2430.8
2013/6/4,2425.08
2013/6/5,2422.9
2013/6/6,2424.02
2013/6/7,2412.17
2013/6/10,2406.46
2013/6/11,2404.46
2013/6/12,2399.04
2013/6/13,2406.16
2013/6/14,2415.41
2013/6/17,2409.15
2013/6/18,2407.43
2013/6/19,2387.59
2013/6/20,2363.72
2013/6/21,2353.7
2013/6/24,2346.19
2013/6/25,2337.25
2013/6/26,2347.59
2013/6/27,2356.81
2013/6/28,2361.89
2013/7/1,2364.58
2013/7/2,2370.08
2013/7/3,2366.7
2013/7/5,2340.6
2013/7/8,2353.37
2013/7/9,2358.39
2013/7/10,2354.4
2013/7/11,2371.43
2013/7/12,2367.85
2013/7/15,2375.68
2013/7/16,2380.39
2013/7/17,2386.25
2013/7/18,2381.85
2013/7/19,2392.55
2013/7/22,2395.48
2013/7/23,2392.5
2013/7/24,2383.4
2013/7/25,2378.26
2013/7/26,2385.72
2013/7/29,2381.72
2013/7/30,2380.32
2013/7/31,2381.57
2013/8/1,2364.8
2013/8/2,2381.17
2013/8/5,2375.54
2013/8/6,2375.51
2013/8/7,2380.19
2013/8/8,2382.83
2013/8/9,2382.65
2013/8/12,2378.73
2013/8/13,2364.43
2013/8/14,2365.1
2013/8/15,2355.75
2013/8/16,2344.93
2013/8/19,2337.42
2013/8/20,2345.13
2013/8/21,2339.21
2013/8/22,2335.45
2013/8/23,2348.48
2013/8/26,2353.23
2013/8/27,2364.91
2013/8/28,2356.62
2013/8/29,2363.03
2013/8/30,2364.84
2013/9/3,2353.96
2013/9/4,2348.97
2013/9/5,2334.88
2013/9/6,2337.82
2013/9/9,2344.91
2013/9/10,2335.37
2013/9/11,2340.82
2013/9/12,2342.41
2013/9/13,2342.89
2013/9/16,2346.06
2013/9/17,2350.03
2013/9/18,2370.23
2013/9/19,2366.84
2013/9/20,2371.25
2013/9/23,2373.3
2013/9/24,2382.97
2013/9/25,2387.79
2013/9/26,2382.2
2013/9/27,2383.8
2013/9/30,2381.27
2013/10/1,2379.11
2013/10/2,2383.31
2013/10/3,2386.51
2013/10/4,2382.57
2013/10/7,2385.48
2013/10/8,2385.83
2013/10/9,2383.99
2013/10/10,2384.35
2013/10/11,2387.6
2013/10/15,2383.07
2013/10/16,2393.47
2013/10/17,2406.77
2013/10/18,2407.75
2013/10/21,2405.76
2013/10/22,2418.14
2013/10/23,2420.06
2013/10/24,2415.91
2013/10/25,2418.47
2013/10/28,2418.08
2013/10/29,2418.94
2013/10/30,2417.93
2013/10/31,2416.48
2013/11/1,2407.11
2013/11/4,2410.33
2013/11/5,2401.06
2013/11/6,2402.64
2013/11/7,2407.52
2013/11/8,2389.05
2013/11/12,2386.98
2013/11/13,2392.34
2013/11/14,2399.75
2013/11/15,2401.78
2013/11/18,2409.29
2013/11/19,2403.76
2013/11/20,2394.52
2013/11/21,2398.31
2013/11/22,2405.19
2013/11/25,2408.15
2013/11/26,2415.23
2013/11/27,2411.12
2013/11/29,2411.69
2013/12/2,2405.49
2013/12/3,2408.83
2013/12/4,2398.79
2013/12/5,2397.25
2013/12/6,2396.57
2013/12/9,2401.36
2013/12/10,2412.42
2013/12/11,2406.78
2013/12/12,2403.21
2013/12/13,2406.41
2013/12/16,2406.66
2013/12/17,2413.7
2013/12/18,2410.18
2013/12/19,2410.21
2013/12/20,2417.74
2013/12/23,2414.59
2013/12/24,2406.93
2013/12/26,2406.13
2013/12/27,2405.09
2013/12/30,2411.38
2013/12/31,2407.75
2014/1/2,2412.84
2014/1/3,2412.77
2014/1/6,2419.03
2014/1/7,2421.84
2014/1/8,2413.12
2014/1/9,2417.64
2014/1/10,2432.03
2014/1/13,2436.82
2014/1/14,2429.87
2014/1/15,2428.87
2014/1/16,2434.2
2014/1/17,2436.56
2014/1/21,2438.07
2014/1/22,2432.69
2014/1/23,2442.66
2014/1/24,2441.83
2014/1/27,2438.22
2014/1/28,2442.32
2014/1/29,2451.54
2014/1/30,2448.48
2014/1/31,2451.39
2014/2/3,2463.96
2014/2/4,2456.14
2014/2/5,2449.95
2014/2/6,2448.11
2014/2/7,2454.16
2014/2/10,2454.93
2014/2/11,2451.72
2014/2/12,2447.55
2014/2/13,2456.45
2014/2/14,2455.77
2014/2/18,2461.78
2014/2/19,2458.59
2014/2/20,2455.12
2014/2/21,2459.71
2014/2/24,2458.17
2014/2/25,2466.31
2014/2/26,2471.62
2014/2/27,2477.28
2014/2/28,2476.88
2014/3/3,2482.8
2014/3/4,2472.53
2014/3/5,2471.65
2014/3/6,2464.53
2014/3/7,2455.97
2014/3/10,2456.31
2014/3/11,2458.84
2014/3/12,2463.13
2014/3/13,2473.48
2014/3/14,2473.33
2014/3/17,2466.35
2014/3/18,2469.04
2014/3/19,2459.16
2014/3/20,2460.68
2014/3/21,2468.26
2014/3/24,2471.82
2014/3/25,2473.33
2014/3/26,2480.46
2014/3/27,2485.13
2014/3/28,2479.84
2014/3/31,2478.53
2014/4/1,2475.02
2014/4/2,2469.34
2014/4/3,2473.52
2014/4/4,2483.84
2014/4/7,2489.33
2014/4/8,2491.03
2014/4/9,2491.59
2014/4/10,2502.33
2014/4/11,2504.01
2014/4/14,2501.95
2014/4/15,2504.72
2014/4/16,2504.47
2014/4/17,2494.16
2014/4/21,2494.32
2014/4/22,2495.85
2014/4/23,2502.43
2014/4/24,2503.11
2014/4/25,2506.14
2014/4/28,2504.74
2014/4/29,2501.35
2014/4/30,2508.22
2014/5/1,2516.5
2014/5/2,2520
2014/5/5,2515.87
2014/5/6,2519.51
2014/5/7,2518.49
2014/5/8,2520.24
2014/5/9,2515.94
2014/5/12,2512.68
2014/5/13,2518.13
2014/5/14,2530.13
2014/5/15,2535.78
2014/5/16,2532.62
2014/5/19,2529.94
2014/5/20,2533.45
2014/5/21,2526.91
2014/5/22,2524.13
2014/5/23,2528.85
2014/5/27,2533.91
2014/5/28,2546.66
2014/5/29,2543.93
2014/5/30,2542.51
2014/6/2,2531.31
2014/6/3,2522.81
2014/6/4,2521.59
2014/6/5,2525.1
2014/6/6,2525.35
2014/6/9,2524.3
2014/6/10,2521.64
2014/6/11,2521.43
2014/6/12,2530.82
2014/6/13,2528.22
2014/6/16,2529.74
2014/6/17,2521.82
2014/6/18,2527.48
2014/6/19,2526.15
2014/6/20,2527.33
2014/6/23,2528.99
2014/6/24,2535.42
2014/6/25,2539.37
2014/6/26,2545.02
2014/6/27,2541.52
2014/6/30,2544.49
2014/7/1,2537.1
2014/7/2,2527.02
2014/7/3,2524.55
2014/7/7,2530.92
2014/7/8,2538.99
2014/7/9,2542.14
2014/7/10,2541.41
2014/7/11,2544.84
2014/7/14,2541.01
2014/7/15,2541.31
2014/7/16,2543.34
2014/7/17,2552
2014/7/18,2549.34
2014/7/21,2551.24
2014/7/22,2553.8
2014/7/23,2554.17
2014/7/24,2547.71
2014/7/25,2555.22
2014/7/28,2552.06
2014/7/29,2557.51
2014/7/30,2543.47
2014/7/31,2543.07
2014/8/1,2546.98
2014/8/4,2548.5
2014/8/5,2549.63
2014/8/6,2548.61
2014/8/7,2556.34
2014/8/8,2555.72
2014/8/11,2556.17
2014/8/12,2551.89
2014/8/13,2556.75
2014/8/14,2562.7
2014/8/15,2572.03
2014/8/18,2563.01
2014/8/19,2560.31
2014/8/20,2558.66
2014/8/21,2563.72
2014/8/22,2566.2
2014/8/25,2569.35
2014/8/26,2569.04
2014/8/27,2575.99
2014/8/28,2581.01
2014/8/29,2579.75
2014/9/2,2567.01
2014/9/3,2568.75
2014/9/4,2560.67
2014/9/5,2557.43
2014/9/8,2557.79
2014/9/9,2553.11
2014/9/10,2545.75
2014/9/11,2546.98
2014/9/12,2533.86
2014/9/15,2536.56
2014/9/16,2535.99
2014/9/17,2533.91
2014/9/18,2532.72
2014/9/19,2540.99
2014/9/22,2544.13
2014/9/23,2548.16
2014/9/24,2541.46
2014/9/25,2549.58
2014/9/26,2543.21
2014/9/29,2546.23
2014/9/30,2542.53
2014/10/1,2560.42
2014/10/2,2555.47
2014/10/3,2558.79
2014/10/6,2563.68
2014/10/7,2574.97
2014/10/8,2576.08
2014/10/9,2575.83
2014/10/10,2576.95
2014/10/14,2588.98
2014/10/15,2603.38
2014/10/16,2588.22
2014/10/17,2586.95
2014/10/20,2590
2014/10/21,2588.78
2014/10/22,2585.42
2014/10/23,2576.91
2014/10/24,2577.01
2014/10/27,2579.92
2014/10/28,2575.78
2014/10/29,2571.49
2014/10/30,2573.25
2014/10/31,2568.56
2014/11/3,2566.38
2014/11/4,2565.89
2014/11/5,2564.16
2014/11/6,2559.98
2014/11/7,2568.54
2014/11/10,2561.32
2014/11/12,2561.54
2014/11/13,2561.87
2014/11/14,2565.04
2014/11/17,2561.9
2014/11/18,2558.65
2014/11/19,2552.84
2014/11/20,2556.12
2014/11/21,2564.24
2014/11/24,2568.51
2014/11/25,2577.85
2014/11/26,2581.58
2014/11/28,2585.87
2014/12/1,2578.67
2014/12/2,2567.36
2014/12/3,2567.98
2014/12/4,2573.22
2014/12/5,2566.07
2014/12/8,2575.25
2014/12/9,2577.21
2014/12/10,2582.6
2014/12/11,2579.58
2014/12/12,2588.46
2014/12/15,2584
2014/12/16,2583.29
2014/12/17,2575.07
2014/12/18,2573.57
2014/12/19,2580.83
2014/12/22,2585.58
2014/12/23,2570.2
2014/12/24,2572.59
2014/12/26,2575.67
2014/12/29,2583.14
2014/12/30,2585.64
2014/12/31,2587.44
2015/1/2,2596.58
2015/1/5,2607.69
2015/1/6,2618.48
2015/1/7,2621.04
2015/1/8,2612
2015/1/9,2619.59
2015/1/12,2628.97
2015/1/13,2630.52
2015/1/14,2633.95
2015/1/15,2643.19
2015/1/16,2633.03
2015/1/20,2638.25
2015/1/21,2631.56
2015/1/22,2628.6
2015/1/23,2643.57
2015/1/26,2642.35
2015/1/27,2642.73
2015/1/28,2660.19
2015/1/29,2653.12
2015/1/30,2665.94
2015/2/2,2666.55
2015/2/3,2650.42
2015/2/4,2650.51
2015/2/5,2647.61
2015/2/6,2631.24
2015/2/9,2630.91
2015/2/10,2625.5
2015/2/11,2626.5
2015/2/12,2628.07
2015/2/13,2621.85
2015/2/17,2604.12
2015/2/18,2619.58
2015/2/19,2615.45
2015/2/20,2614.44
2015/2/23,2628.75
2015/2/24,2641.05
2015/2/25,2644.77
2015/2/26,2637.59
2015/2/27,2638.92
2015/3/2,2624.79
2015/3/3,2620.43
2015/3/4,2620.79
2015/3/5,2623.59
2015/3/6,2602.21
2015/3/9,2610.31
2015/3/10,2619.16
2015/3/11,2621.77
2015/3/12,2622.66
2015/3/13,2618.89
2015/3/16,2618.15
2015/3/17,2622.25
2015/3/18,2640.72
2015/3/19,2637.77
2015/3/20,2645.39
2015/3/23,2646.96
2015/3/24,2653.87
2015/3/25,2646.26
2015/3/26,2630.8
2015/3/27,2644.62
2015/3/30,2642.11
2015/3/31,2647.34
2015/4/1,2659.59
2015/4/2,2653.76
2015/4/3,2664.46
2015/4/6,2653.53
2015/4/7,2660.44
2015/4/8,2662.54
2015/4/9,2650.8
2015/4/10,2652.96
2015/4/13,2655.2
2015/4/14,2659.89
2015/4/15,2659.91
2015/4/16,2662.49
2015/4/17,2667.59
2015/4/20,2659.28
2015/4/21,2657.85
2015/4/22,2647.74
2015/4/23,2652.85
2015/4/24,2657.49
2015/4/27,2656.92
2015/4/28,2645.78
2015/4/29,2631.75
2015/4/30,2628.8
2015/5/1,2615.78
2015/5/4,2611.58
2015/5/5,2605.4
2015/5/6,2594.28
2015/5/7,2603.42
2015/5/8,2608.83
2015/5/11,2588.17
2015/5/12,2590.73
2015/5/13,2587.06
2015/5/14,2592.89
2015/5/15,2611.07
2015/5/18,2596.62
2015/5/19,2589.96
2015/5/20,2588.24
2015/5/21,2597.75
2015/5/22,2589.5
2015/5/26,2607.07
2015/5/27,2607.23
2015/5/28,2607.01
2015/5/29,2611.64
2015/6/1,2591.16
2015/6/2,2579.59
2015/6/3,2567.67
2015/6/4,2579.93
2015/6/5,2565.72
2015/6/8,2569.47
2015/6/9,2561.03
2015/6/10,2550.75
2015/6/11,2566.75
2015/6/12,2565.38
2015/6/15,2567.07
2015/6/16,2571.51
2015/6/17,2571.85
2015/6/18,2563.47
2015/6/19,2576.78
2015/6/22,2562.15
2015/6/23,2555.08
2015/6/24,2562.58
2015/6/25,2559.58
2015/6/26,2546.5
2015/6/29,2562.08
2015/6/30,2563.64
2015/7/1,2553.52
2015/7/2,2558.91
2015/7/6,2576.16
2015/7/7,2583.24
2015/7/8,2587.22
2015/7/9,2570.45
2015/7/10,2552.56
2015/7/13,2552.5
2015/7/14,2554.98
2015/7/15,2561.94
2015/7/16,2562.62
2015/7/17,2565.67
2015/7/20,2560.34
2015/7/21,2564.93
2015/7/22,2568.01
2015/7/23,2575.35
2015/7/24,2573.43
2015/7/27,2576.1
2015/7/28,2573.38
2015/7/29,2570.09
2015/7/30,2574.18
2015/7/31,2580.95
2015/8/3,2589.56
2015/8/4,2580.62
2015/8/5,2571.18
2015/8/6,2574.28
2015/8/7,2582.68
2015/8/10,2572.06
2015/8/11,2586.64
2015/8/12,2581.54
2015/8/13,2573.39
2015/8/14,2574.06
2015/8/17,2582.85
2015/8/18,2574.26
2015/8/19,2582.83
2015/8/20,2587.94
2015/8/21,2590.05
2015/8/24,2590.39
2015/8/25,2567.49
2015/8/26,2559.79
2015/8/27,2568.04
2015/8/28,2565.76
2015/8/31,2565.67
2015/9/1,2567.89
2015/9/2,2565.32
2015/9/3,2572.39
2015/9/4,2580.6
2015/9/8,2571.24
2015/9/9,2578.85
2015/9/10,2571.69
2015/9/11,2577.5
2015/9/14,2577.53
2015/9/15,2559.76
2015/9/16,2559.11
2015/9/17,2575.82
2015/9/18,2590.32
2015/9/21,2575.56
2015/9/22,2589.61
2015/9/23,2587.02
2015/9/24,2588.65
2015/9/25,2579.93
2015/9/28,2588.04
2015/9/29,2586.49
2015/9/30,2584.8
2015/10/1,2585.18
2015/10/2,2592.39
2015/10/5,2584.51
2015/10/6,2592.69
2015/10/7,2594.39
2015/10/8,2587.2
2015/10/9,2592.38
2015/10/13,2598.41
2015/10/14,2609.96
2015/10/15,2601.5
2015/10/16,2603.26
2015/10/19,2603.52
2015/10/20,2597.7
2015/10/21,2608.19
2015/10/22,2612.47
2015/10/23,2607.14
2015/10/26,2614.2
2015/10/27,2616.91
2015/10/28,2606.77
2015/10/29,2592.27
2015/10/30,2595.6
2015/11/2,2591.26
2015/11/3,2586.18
2015/11/4,2586.77
2015/11/5,2584.85
2015/11/6,2571.32
2015/11/9,2571.67
2015/11/10,2574.5
2015/11/12,2572.78
2015/11/13,2577.24
2015/11/16,2576.29
2015/11/17,2580.79
2015/11/18,2580.47
2015/11/19,2585.67
2015/11/20,2583.42
2015/11/23,2585.6
2015/11/24,2585.65
2015/11/25,2587.49
2015/11/27,2588.27
2015/11/30,2589.92
2015/12/1,2602.04
2015/12/2,2600.35
2015/12/3,2574.15
2015/12/4,2585.27
2015/12/7,2594.14
2015/12/8,2586.73
2015/12/9,2590.39
2015/12/10,2584.87
2015/12/11,2595.6
2015/12/14,2573.56
2015/12/15,2567.05
2015/12/16,2565.07
2015/12/17,2574.83
2015/12/18,2577.88
2015/12/21,2576.29
2015/12/22,2569.89
2015/12/23,2566.74
2015/12/24,2570.91
2015/12/28,2575.3
2015/12/29,2560.93
2015/12/30,2564.12
2015/12/31,2569.73
2016/1/4,2572.39
2016/1/5,2571.35
2016/1/6,2583.04
2016/1/7,2582.2
2016/1/8,2585.65
2016/1/11,2579.56
2016/1/12,2588.38
2016/1/13,2591.14
2016/1/14,2577.26
2016/1/15,2582.32
2016/1/19,2579.31
2016/1/20,2576.03
2016/1/21,2567.28
2016/1/22,2569.53
2016/1/25,2571.36
2016/1/26,2572.4
2016/1/27,2570.32
2016/1/28,2570.23
2016/1/29,2578.84
2016/2/1,2570.02
2016/2/2,2582.9
2016/2/3,2576.48
2016/2/4,2578.91
2016/2/5,2581.82
2016/2/8,2593.68
2016/2/9,2586.69
2016/2/10,2591.39
2016/2/11,2588.83
2016/2/12,2573.29
2016/2/16,2572.61
2016/2/17,2567.32
2016/2/18,2582.72
2016/2/19,2584.88
2016/2/22,2586.05
2016/2/23,2591.52
2016/2/24,2590.07
2016/2/25,2600.64
2016/2/26,2593.08
2016/2/29,2599.67
2016/3/1,2588.83
2016/3/2,2593.11
2016/3/3,2600.36
2016/3/4,2597.54
2016/3/7,2601.46
2016/3/8,2614.44
2016/3/9,2607.91
2016/3/10,2608.39
2016/3/11,2610.92
2016/3/14,2622.6
2016/3/15,2624.46
2016/3/16,2628.15
2016/3/17,2637.1
2016/3/18,2646.14
2016/3/21,2640.42
2016/3/22,2644.22
2016/3/23,2657.8
2016/3/24,2651.6
2016/3/28,2656.12
2016/3/29,2664.92
2016/3/30,2662.77
2016/3/31,2671.78
2016/4/1,2670.59
2016/4/4,2674.95
2016/4/5,2684.66
2016/4/6,2680.71
2016/4/7,2693.05
2016/4/8,2685.97
2016/4/11,2687.16
2016/4/12,2680.96
2016/4/13,2688.5
2016/4/14,2687.79
2016/4/15,2695.27
2016/4/18,2692.09
2016/4/19,2696.44
2016/4/20,2689.85
2016/4/21,2691.83
2016/4/22,2692.31
2016/4/25,2690.67
2016/4/26,2687.78
2016/4/27,2700.26
2016/4/28,2703.17
2016/4/29,2708.36
2016/5/2,2700.32
2016/5/3,2709.57
2016/5/4,2709.22
2016/5/5,2715.07
2016/5/6,2707.99
2016/5/9,2709.34
2016/5/10,2710.79
2016/5/11,2715.88
2016/5/12,2708.43
2016/5/13,2718.37
2016/5/16,2709.36
2016/5/17,2709.56
2016/5/18,2688.63
2016/5/19,2695.91
2016/5/20,2694.1
2016/5/23,2695.14
2016/5/24,2693.31
2016/5/25,2694.26
2016/5/26,2705.83
2016/5/27,2704.26
2016/5/31,2706.27
2016/6/1,2704.25
2016/6/2,2710.75
2016/6/3,2727.6
2016/6/6,2724.9
2016/6/7,2729.24
2016/6/8,2733.57
2016/6/9,2739.69
2016/6/10,2743.66
2016/6/13,2744.15
2016/6/14,2739.07
2016/6/15,2742.25
2016/6/16,2746.9
2016/6/17,2738.74
2016/6/20,2737.78
2016/6/21,2735.23
2016/6/22,2738
2016/6/23,2732.61
2016/6/24,2744.94
2016/6/27,2764.28
2016/6/28,2766.1
2016/6/29,2768.82
2016/6/30,2767.19
2016/7/1,2778.15
2016/7/5,2798.57
2016/7/6,2794.96
2016/7/7,2800.97
2016/7/8,2808.98
2016/7/11,2804
2016/7/12,2795.7
2016/7/13,2806.5
2016/7/14,2795.94
2016/7/15,2785.76
2016/7/18,2787.69
2016/7/19,2792.57
2016/7/20,2789.58
2016/7/21,2793.58
2016/7/22,2794.13
2016/7/25,2793.24
2016/7/26,2792.4
2016/7/27,2800.06
2016/7/28,2798.9
2016/7/29,2807.62
2016/8/1,2797.84
2016/8/2,2787.29
2016/8/3,2786.01
2016/8/4,2795.84
2016/8/5,2785.46
2016/8/8,2789.87
2016/8/9,2799.61
2016/8/10,2807.78
2016/8/11,2795.41
2016/8/12,2807.14
2016/8/15,2800.97
2016/8/16,2799.26
2016/8/17,2804.48
2016/8/18,2810.12
2016/8/19,2804.67
2016/8/22,2813.69
2016/8/23,2814.2
2016/8/24,2814.02
2016/8/25,2810.12
2016/8/26,2800.98
2016/8/29,2815.66
2016/8/30,2813.48
2016/8/31,2813.12
2016/9/1,2812.47
2016/9/2,2806.6
2016/9/6,2816.21
2016/9/7,2815.28
2016/9/8,2798.66
2016/9/9,2786.61
2016/9/12,2783.75
2016/9/13,2771.34
2016/9/14,2778.6
2016/9/15,2777.05
2016/9/16,2778.17
2016/9/19,2781.21
2016/9/20,2784.77
2016/9/21,2789.89
2016/9/22,2799.93
2016/9/23,2804.52
2016/9/26,2807.66
2016/9/27,2813.65
2016/9/28,2812.18
2016/9/29,2815.75
2016/9/30,2806.15
2016/10/3,2805.59
2016/10/4,2794.71
2016/10/5,2791.33
2016/10/6,2790.6
2016/10/7,2792.94
2016/10/11,2790.76
2016/10/12,2788.94
2016/10/13,2797.61
2016/10/14,2789.67
2016/10/17,2796.35
2016/10/18,2800.84
2016/10/19,2802.7
2016/10/20,2803.58
2016/10/21,2803.75
2016/10/24,2800.14
2016/10/25,2800.56
2016/10/26,2792.6
2016/10/27,2783.03
2016/10/28,2781.25
2016/10/31,2783.32
2016/11/1,2783.69
2016/11/2,2783.97
2016/11/3,2780.94
2016/11/4,2784.88
2016/11/7,2781.43
2016/11/8,2777.18
2016/11/9,2741.57
2016/11/10,2739.64
2016/11/14,2722.05
2016/11/15,2722.75
2016/11/16,2726.49
2016/11/17,2717.38
2016/11/18,2706.45
2016/11/21,2706.87
2016/11/22,2708.77
2016/11/23,2705.01
2016/11/25,2703.4
2016/11/28,2711.64
2016/11/29,2716.96
2016/11/30,2708.65
2016/12/1,2697.86
2016/12/2,2706.88
2016/12/5,2709.11
2016/12/6,2707.96
2016/12/7,2718.18
2016/12/8,2710.99
2016/12/9,2699.04
2016/12/12,2700.2
2016/12/13,2703.43
2016/12/14,2698.38
2016/12/15,2691.42
2016/12/16,2689.84
2016/12/19,2701.16
2016/12/20,2698.06
2016/12/21,2704.07
2016/12/22,2704.33
2016/12/23,2706.94
2016/12/27,2704.4
2016/12/28,2714.06
2016/12/29,2719.21
2016/12/30,2726.78
2017/1/3,2727.96
2017/1/4,2730.16
2017/1/5,2745.21
2017/1/6,2735.61
2017/1/9,2743.33
2017/1/10,2742.05
2017/1/11,2743.85
2017/1/12,2745.01
2017/1/13,2742.45
2017/1/17,2752.73
2017/1/18,2741.37
2017/1/19,2730.81
2017/1/20,2730.89
2017/1/23,2742.8
2017/1/24,2731.74
2017/1/25,2723.61
2017/1/26,2727.92
2017/1/27,2733.45
2017/1/30,2731.99
2017/1/31,2735.18
2017/2/1,2731.46
2017/2/2,2732.55
2017/2/3,2729.23
2017/2/6,2742.51
2017/2/7,2747.55
2017/2/8,2754.85
2017/2/9,2745.49
2017/2/10,2743.99
2017/2/13,2742.58
2017/2/14,2738.26
2017/2/15,2733.74
2017/2/16,2742.51
2017/2/17,2746.32
2017/2/21,2746.47
2017/2/22,2750.3
2017/2/23,2756.19
2017/2/24,2769.52
2017/2/27,2763.31
2017/2/28,2766.55
2017/3/1,2750.04
2017/3/2,2746.4
2017/3/3,2747.46
2017/3/6,2748.12
2017/3/7,2742.5
2017/3/8,2732.07
2017/3/9,2720.65
2017/3/10,2723.37
2017/3/13,2719.72
2017/3/14,2719.94
2017/3/15,2736.46
2017/3/16,2735
2017/3/17,2738.35
2017/3/20,2744.65
2017/3/21,2751.39
2017/3/22,2757.24
2017/3/23,2754.36
2017/3/24,2758.1
2017/3/27,2762.49
2017/3/28,2757.09
2017/3/29,2762.13
2017/3/30,2757.17
2017/3/31,2760.12
2017/4/3,2769.05
2017/4/4,2768.06
2017/4/5,2768.37
2017/4/6,2770.51
2017/4/7,2766.67
2017/4/10,2770.63
2017/4/11,2782.21
2017/4/12,2782.45
2017/4/13,2791.97
2017/4/17,2788.71
2017/4/18,2800.83
2017/4/19,2797.49
2017/4/20,2789.98
2017/4/21,2792.21
2017/4/24,2787.31
2017/4/25,2779.1
2017/4/26,2783.13
2017/4/27,2786.32
2017/4/28,2789.61
2017/5/1,2782.23
2017/5/2,2788.62
2017/5/3,2788.68
2017/5/4,2781.41
2017/5/5,2783.07
2017/5/8,2780.07
2017/5/9,2777.23
2017/5/10,2779.15
2017/5/11,2781.68
2017/5/12,2793.6
2017/5/15,2794.76
2017/5/16,2797.35
2017/5/17,2815.98
2017/5/18,2810.78
2017/5/19,2810.45
2017/5/22,2810.78
2017/5/23,2805.42
2017/5/24,2807.7
2017/5/25,2810.17
2017/5/26,2810.96
2017/5/30,2818.11
2017/5/31,2821.68
2017/6/1,2819.35
2017/6/2,2830.37
2017/6/5,2826.72
2017/6/6,2832.97
2017/6/7,2827.79
2017/6/8,2824.96
2017/6/9,2824.92
2017/6/12,2823.17
2017/6/13,2825.24
2017/6/14,2840.51
2017/6/15,2837.29
2017/6/16,2838.86
2017/6/19,2836.21
2017/6/20,2844.16
2017/6/21,2844.82
2017/6/22,2845.14
2017/6/23,2847.58
2017/6/26,2851.37
2017/6/27,2842.71
2017/6/28,2839.88
2017/6/29,2834.3
2017/6/30,2830.31
2017/7/3,2824.66
2017/7/5,2828.16
2017/7/6,2822.74
2017/7/7,2819.41
2017/7/10,2824.7
2017/7/11,2826.52
2017/7/12,2834.32
2017/7/13,2831.11
2017/7/14,2836.04
2017/7/17,2840.58
2017/7/18,2849.6
2017/7/19,2850.62
2017/7/20,2852.56
2017/7/21,2859.37
2017/7/24,2855.5
2017/7/25,2842.34
2017/7/26,2850.29
2017/7/27,2846
2017/7/28,2851.66
2017/7/31,2851.01
2017/8/1,2859.74
2017/8/2,2858.63
2017/8/3,2863.75
2017/8/4,2855.19
2017/8/7,2856.03
2017/8/8,2848.69
2017/8/9,2851.71
2017/8/10,2853.28
2017/8/11,2852.59
2017/8/14,2851.94
2017/8/15,2846.09
2017/8/16,2854.64
2017/8/17,2859.12
2017/8/18,2858.54
2017/8/21,2861.44
2017/8/22,2856.57
2017/8/23,2864.27
2017/8/24,2860.68
2017/8/25,2864.9
2017/8/28,2867.19
2017/8/29,2868.57
2017/8/30,2868.15
2017/8/31,2873.15
2017/9/1,2866.68
2017/9/5,2882.35
2017/9/6,2873.7
2017/9/7,2881.89
2017/9/8,2879.67
2017/9/11,2869.14
2017/9/12,2864
2017/9/13,2862.05
2017/9/14,2864.91
2017/9/15,2866.8
2017/9/18,2864.32
2017/9/19,2865.26
2017/9/20,2862.29
2017/9/21,2863.71
2017/9/22,2866.25
2017/9/25,2875.06
2017/9/26,2874.43
2017/9/27,2861.68
2017/9/28,2865.36
2017/9/29,2868.16
2017/10/2,2869.24
2017/10/3,2872.66
2017/10/4,2872.63
2017/10/5,2869.85
2017/10/6,2867.35
2017/10/10,2873.54
2017/10/11,2873.39
2017/10/12,2875.99
2017/10/13,2884.47
2017/10/16,2880.77
2017/10/17,2883.27
2017/10/18,2876.32
2017/10/19,2880.58
2017/10/20,2872.3
2017/10/23,2876.3
2017/10/24,2872.56
2017/10/25,2865.85
2017/10/26,2865.47
2017/10/27,2870.5
2017/10/30,2881.79
2017/10/31,2879.74
2017/11/1,2880.42
2017/11/2,2884.09
2017/11/3,2884.21
2017/11/6,2887.02
2017/11/7,2887.01
2017/11/8,2883.3
2017/11/9,2878
2017/11/10,2863.34
2017/11/13,2864.22
2017/11/14,2866.39
2017/11/15,2872.04
2017/11/16,2869.93
2017/11/17,2872.99
2017/11/20,2873.08
2017/11/21,2878.97
2017/11/22,2886.99
2017/11/24,2884.64
2017/11/27,2886.7
2017/11/28,2886.61
2017/11/29,2879.29
2017/11/30,2875.55
2017/12/1,2887.39
2017/12/4,2886.3
2017/12/5,2892.76
2017/12/6,2896.44
2017/12/7,2886.89
2017/12/8,2887.3
2017/12/11,2888.34
2017/12/12,2887.4
2017/12/13,2898.56
2017/12/14,2901.61
2017/12/15,2903.16
2017/12/18,2895.91
2017/12/19,2882.37
2017/12/20,2875.49
2017/12/21,2882.06
2017/12/22,2881.07
2017/12/26,2886.91
2017/12/27,2899.49
2017/12/28,2897.54
2017/12/29,2901.78
2018/1/2,2888.75
2018/1/3,2893.38
2018/1/4,2892.44
2018/1/5,2889.56
2018/1/8,2890.62
2018/1/9,2881.28
2018/1/10,2883.22
2018/1/11,2889.41
2018/1/12,2889.52
2018/1/16,2892.71
2018/1/17,2886.7
2018/1/18,2879.66
2018/1/19,2873.64
2018/1/22,2870.14
2018/1/23,2876.85
2018/1/24,2872.61
2018/1/25,2883.48
2018/1/26,2878.84
2018/1/29,2875.57
2018/1/30,2869.38
2018/1/31,2874.04
2018/2/1,2865.65
2018/2/2,2850.95
2018/2/5,2858.14
2018/2/6,2857.35
2018/2/7,2846.64
2018/2/8,2840.89
2018/2/9,2835.48
2018/2/12,2832.81
2018/2/13,2827.63
2018/2/14,2817.63
2018/2/15,2826.18
2018/2/16,2829.26
2018/2/20,2825.95
2018/2/21,2816.13
2018/2/22,2820.08
2018/2/23,2826.45
2018/2/26,2829.57
2018/2/27,2821.74
2018/2/28,2827.38
2018/3/1,2831.35
2018/3/2,2820.12
2018/3/5,2818.75
2018/3/6,2822.47
2018/3/7,2819.17
2018/3/8,2822.14
2018/3/9,2815.78
2018/3/12,2818.53
2018/3/13,2819.87
2018/3/14,2824.62
2018/3/15,2822.23
2018/3/16,2820.44
2018/3/19,2820.79
2018/3/20,2812.96
2018/3/21,2807.27
2018/3/22,2815
2018/3/23,2813.32
2018/3/26,2812.64
2018/3/27,2823.32
2018/3/28,2825.67
2018/3/29,2834.54
2018/3/30,2834.54
2018/4/2,2836.3
2018/4/3,2828.13
2018/4/4,2827.61
2018/4/5,2824.15
2018/4/6,2835.26
2018/4/9,2836.46
2018/4/10,2836.8
2018/4/11,2838.75
2018/4/12,2832.75
2018/4/13,2833.55
2018/4/16,2834.8
2018/4/17,2838.7
2018/4/18,2827.41
2018/4/19,2815.77
2018/4/20,2808.44
2018/4/23,2805.75
2018/4/24,2802.02
2018/4/25,2792.89
2018/4/26,2798.68
2018/4/27,2805.43
2018/4/30,2808.24
2018/5/1,2798.28
2018/5/2,2799.31
2018/5/3,2800.76
2018/5/4,2799.7
2018/5/7,2799.62
2018/5/8,2796.5
2018/5/9,2793.36
2018/5/10,2801.29
2018/5/11,2804.9
2018/5/14,2803.69
2018/5/15,2786.97
2018/5/16,2785.02
2018/5/17,2781.49
2018/5/18,2788
2018/5/21,2789.18
2018/5/22,2789.18
2018/5/23,2798.33
2018/5/24,2803.93
2018/5/25,2810.54
2018/5/29,2833.34
2018/5/30,2819.58
2018/5/31,2823.29
2018/6/1,2811.74
2018/6/4,2806.69
2018/6/5,2808.6
2018/6/6,2798.31
2018/6/7,2806.74
2018/6/8,2804.78
2018/6/11,2801.74
2018/6/12,2802.9
2018/6/13,2799.9
2018/6/14,2806.67
2018/6/15,2809.02
2018/6/18,2805.95
2018/6/19,2807.54
2018/6/20,2799.86
2018/6/21,2797.97
2018/6/22,2796.51
2018/6/25,2798.78
2018/6/26,2799.01
2018/6/27,2809.28
2018/6/28,2805.14
2018/6/29,2806.89
2018/7/2,2805.17
2018/7/3,2812.5
2018/7/5,2816.3
2018/7/6,2820.67
2018/7/9,2820.51
2018/7/10,2821.2
2018/7/11,2825.85
2018/7/12,2827.43
2018/7/13,2832.9
2018/7/16,2828.71
2018/7/17,2827.12
2018/7/18,2825.72
2018/7/19,2830.95
2018/7/20,2822.41
2018/7/23,2811.92
2018/7/24,2820.82
2018/7/25,2824.8
2018/7/26,2822.07
2018/7/27,2827.28
2018/7/30,2825.34
2018/7/31,2830.22
2018/8/1,2823.17
2018/8/2,2825.8
2018/8/3,2833.62
2018/8/6,2838.3
2018/8/7,2832.66
2018/8/8,2830.22
2018/8/9,2833.25
2018/8/10,2841.23
2018/8/13,2837.01
2018/8/14,2835.75
2018/8/15,2842.08
2018/8/16,2842.48
2018/8/17,2843.12
2018/8/20,2853.47
2018/8/21,2849.59
2018/8/22,2850.64
2018/8/23,2851.57
2018/8/24,2850.78
2018/8/27,2848.23
2018/8/28,2842.23
2018/8/29,2842.43
2018/8/30,2845.09
2018/8/31,2844.2
2018/9/3,2844.2
2018/9/4,2833.71
2018/9/5,2833.64
2018/9/6,2840.44
2018/9/7,2830.15
2018/9/10,2834.6
2018/9/11,2829.21
2018/9/12,2834.47
2018/9/13,2836.94
2018/9/14,2833.41
2018/9/17,2834.01
2018/9/18,2824.72
2018/9/19,2819.74
2018/9/20,2825.72
2018/9/21,2828.43
2018/9/24,2826.57
2018/9/25,2822.62
2018/9/26,2831.04
2018/9/27,2833.95
2018/9/28,2834.06
2018/10/1,2831.64
2018/10/2,2835.83
2018/10/3,2817.48
2018/10/4,2810.13
2018/10/5,2803.94
2018/10/9,2808.17
2018/10/10,2802.25
2018/10/11,2816.4
2018/10/12,2814.05
2018/10/15,2809.7
2018/10/16,2811.77
2018/10/17,2807.59
2018/10/18,2806.11
2018/10/19,2799.79
2018/10/22,2800.49
2018/10/23,2800.67
2018/10/24,2805.98
2018/10/25,2803.5
2018/10/26,2808.87
2018/10/29,2807.55
2018/10/30,2800.13
2018/10/31,2792.67
2018/11/1,2794.27
2018/11/2,2786.09
2018/11/5,2791.28
2018/11/6,2793.72
2018/11/7,2797.98
2018/11/8,2795.26
2018/11/9,2799.23
2018/11/13,2799.26
2018/11/14,2796.29
2018/11/15,2786.91
2018/11/16,2794.27
2018/11/19,2794.74
2018/11/20,2790.35
2018/11/21,2792.86
2018/11/23,2793.64
2018/11/26,2793.32
2018/11/27,2790.81
2018/11/28,2789.53
2018/11/29,2788.24
2018/11/30,2788.02
2018/12/3,2796.93
2018/12/4,2805.5
2018/12/6,2804.07
2018/12/7,2809.46
2018/12/10,2808.91
2018/12/11,2809.88
2018/12/12,2811.66
2018/12/13,2814.62
2018/12/14,2819.01
2018/12/17,2824.05
2018/12/18,2829.78
2018/12/19,2838.35
2018/12/20,2826.69
2018/12/21,2822.67
2018/12/24,2826.86
2018/12/26,2816.9
2018/12/27,2821.77
2018/12/28,2822
2018/12/31,2829.02
2019/1/2,2834.08
2019/1/3,2847.61
2019/1/4,2833.71
2019/1/7,2836.66
2019/1/8,2836.11
2019/1/9,2840.62
2019/1/10,2837.58
2019/1/11,2843.07
2019/1/14,2839.48
2019/1/15,2839.66
2019/1/16,2841.5
2019/1/17,2843.14
2019/1/18,2846.88
2019/1/22,2858.09
2019/1/23,2858.67
2019/1/24,2868
2019/1/25,2866.01
2019/1/28,2867.89
2019/1/29,2874.42
2019/1/30,2878.5
2019/1/31,2895.56
2019/2/1,2891.44
2019/2/4,2889.27
2019/2/5,2897.86
2019/2/6,2897.55
2019/2/7,2901.47
2019/2/8,2904.81
2019/2/11,2901.31
2019/2/12,2899.28
2019/2/13,2897.34
2019/2/14,2901.84
2019/2/15,2903.89
2019/2/19,2907.45
2019/2/20,2905.47
2019/2/21,2898.01
2019/2/22,2904.96
2019/2/25,2905.59
2019/2/26,2911.37
2019/2/27,2901.11
2019/2/28,2901.84
2019/3/1,2897.06
2019/3/4,2904.73
2019/3/5,2904.71
2019/3/6,2907.98
2019/3/7,2916.44
2019/3/8,2916.27
2019/3/11,2915.11
2019/3/12,2925.22
2019/3/13,2923.12
2019/3/14,2918.73
2019/3/15,2926.79
2019/3/18,2928.49
2019/3/19,2927.48
2019/3/20,2939.26
2019/3/21,2942.91
2019/3/22,2960.12
2019/3/25,2967.72
2019/3/26,2970.01
2019/3/27,2977.96
2019/3/28,2976.93
2019/3/29,2974.53
2019/4/1,2962.07
2019/4/2,2965.51
2019/4/3,2960.99
2019/4/4,2963.65
2019/4/5,2968.23
2019/4/8,2966.81
2019/4/9,2972.85
2019/4/10,2978.46
2019/4/11,2977.01
2019/4/12,2974.29
2019/4/15,2977.74
2019/4/16,2971.72
2019/4/17,2972.18
2019/4/18,2977.26
2019/4/22,2970.51
2019/4/23,2975.14
2019/4/24,2985.37
2019/4/25,2983.81
2019/4/26,2990.57
2019/4/29,2984.94
2019/4/30,2990.68
2019/5/1,2991.69
2019/5/2,2980.84
2019/5/3,2985.85
2019/5/6,2989.2
2019/5/7,2996.96
2019/5/8,2989.57
2019/5/9,2989.75
2019/5/10,2989.98
2019/5/13,2995.22
2019/5/14,2994.03
2019/5/15,3001.6
2019/5/16,2999.26
2019/5/17,3001.26
2019/5/20,2996.91
2019/5/21,2994.52
2019/5/22,2998.64
2019/5/23,3011.74
2019/5/24,3005.59
2019/5/28,3015.5
2019/5/29,3014.78
2019/5/30,3022.01
2019/5/31,3033.53
2019/6/3,3043.27
2019/6/4,3036.46
2019/6/5,3036.61
2019/6/6,3037.7
2019/6/7,3049.92
2019/6/10,3044.39
2019/6/11,3045.95
2019/6/12,3046.17
2019/6/13,3053.88
2019/6/14,3053.7
2019/6/17,3057.11
2019/6/18,3067.55
2019/6/19,3077.15
2019/6/20,3092.89
2019/6/21,3085.42
2019/6/24,3100.14
2019/6/25,3101.03
2019/6/26,3091.31
2019/6/27,3103.19
2019/6/28,3107.73
2019/7/1,3106.53
2019/7/2,3117.69
2019/7/3,3124.7
2019/7/5,3105.1
2019/7/8,3109.14
2019/7/9,3103.17
2019/7/10,3101.21
2019/7/11,3090.38
2019/7/12,3093.67
2019/7/15,3098.06
2019/7/16,3092.38
2019/7/17,3104.98
2019/7/18,3108.44
2019/7/19,3108.76
2019/7/22,3112.78
2019/7/23,3109.56
2019/7/24,3116.79
2019/7/25,3113.79
2019/7/26,3114.92
2019/7/29,3120.45
2019/7/30,3116.61
2019/7/31,3125.11
2019/8/1,3147.6
2019/8/2,3149.78
2019/8/5,3161.33
2019/8/6,3164.48
2019/8/7,3173.16
2019/8/8,3170.93
2019/8/9,3167.28
2019/8/12,3188.89
2019/8/13,3181.38
2019/8/14,3197.27
2019/8/15,3205.68
2019/8/16,3204.96
2019/8/19,3194.16
2019/8/20,3205.36
2019/8/21,3207.8
2019/8/22,3201.51
2019/8/23,3218.84
2019/8/26,3213.55
2019/8/27,3228.12
2019/8/28,3231.2
2019/8/29,3221.71
2019/8/30,3223.39
2019/9/2,3223.39
2019/9/3,3227.84
2019/9/4,3229.84
2019/9/5,3207.42
2019/9/6,3215.52
2019/9/9,3201.19
2019/9/10,3180.96
2019/9/11,3176.25
2019/9/12,3166.58
2019/9/13,3143.98
2019/9/16,3158.8
2019/9/17,3164.4
2019/9/18,3172.36
2019/9/19,3180.26
2019/9/20,3186.51
2019/9/23,3197.97
2019/9/24,3211.52
2019/9/25,3187.37
2019/9/26,3199.19
2019/9/27,3200.87
2019/9/30,3202.42
2019/10/1,3208.72
2019/10/2,3210.99
2019/10/3,3223.27
2019/10/4,3229.18
2019/10/7,3221.11
2019/10/8,3220.93
2019/10/9,3212.13
2019/10/10,3198.93
2019/10/11,3188.32
2019/10/15,3190.51
2019/10/16,3195.26
2019/10/17,3195.96
2019/10/18,3198.76
2019/10/21,3194.2
2019/10/22,3202.75
2019/10/23,3202.42
2019/10/24,3202.52
2019/10/25,3198.48
2019/10/28,3191.49
2019/10/29,3194.51
2019/10/30,3201.46
2019/10/31,3221.86
2019/11/1,3216.18
2019/11/4,3206.24
2019/11/5,3190.95
2019/11/6,3203.91
2019/11/7,3184.15
2019/11/8,3182.42
2019/11/12,3189.78
2019/11/13,3196.77
2019/11/14,3207.93
2019/11/15,3204.39
2019/11/18,3210.09
2019/11/19,3215.94
2019/11/20,3223.07
2019/11/21,3214.81
2019/11/22,3217.7
2019/11/25,3224.65
2019/11/26,3233.55
2019/11/27,3230.22
2019/11/29,3229.97
2019/12/2,3214.26
2019/12/3,3241.34
2019/12/4,3229.02
2019/12/5,3229.14
2019/12/6,3224.45
2019/12/9,3230.63
2019/12/10,3231.55
2019/12/11,3241.31
2019/12/12,3220.57
2019/12/13,3242.58
2019/12/16,3231.65
2019/12/17,3233.44
2019/12/18,3229.45
2019/12/19,3235.07
2019/12/20,3234.59
2019/12/23,3231.3
2019/12/24,3237.81
2019/12/26,3238.96
2019/12/27,3248.14
2019/12/30,3244.46
2019/12/31,3240.3
2020/1/2,3246.15
2020/1/3,3261.99
2020/1/6,3252.4
2020/1/7,3246.61
2020/1/8,3236.3
2020/1/9,3246.19
2020/1/10,3258.28
2020/1/13,3253.91
2020/1/14,3258.88
2020/1/15,3266.04
2020/1/16,3264.93
2020/1/17,3264.32
2020/1/21,3280.73
2020/1/22,3284.72
2020/1/23,3288.28
2020/1/24,3298.98
2020/1/27,3304.85